VendorID ,tpep_pickup_datetime ,tpep_dropoff_datetime,passenger_count,trip_distance,RatecodeID ,store_and_fwd_flag,PULocationID,DOLocationID,payment_type,fare_amount,extra,mta_tax,tip_amount,tolls_amount,improvement_surcharge,total_amount,congestion_surcharge,Airport_fee
2,12/1/2023 1:44,12/1/2023 1:47,4,0.45,1,N,125,231,1,4.4,1,0.5,1,0,1,10.4,2.5,0
2,12/1/2023 1:13,12/1/2023 1:15,1,0.44,1,N,114,148,1,4.4,1,0.5,20,0,1,29.4,2.5,0
2,12/1/2023 1:01,12/1/2023 1:37,1,26.72,5,N,48,265,1,100,0,0,20.2,0,1,121.2,0,0
2,12/1/2023 1:17,12/1/2023 1:23,1,0.7,1,N,80,80,1,7.2,1,0.5,1.94,0,1,11.64,0,0
2,12/1/2023 1:38,12/1/2023 1:47,1,2.34,1,N,79,170,1,12.1,1,0.5,5.13,0,1,22.23,2.5,0
2,12/1/2023 1:59,12/1/2023 2:15,1,3.79,1,N,163,232,1,19.8,1,0.5,4.96,0,1,29.76,2.5,0
1,12/1/2023 1:19,12/1/2023 1:22,1,0.5,1,N,246,68,1,4.4,3.5,0.5,1,0,1,10.4,2.5,0
2,12/1/2023 1:45,12/1/2023 1:46,1,0,5,N,41,41,1,50,0,0,5,0,1,56,0,0
2,12/1/2023 1:08,12/1/2023 1:30,4,3.93,1,N,79,163,1,22.6,1,0.5,2,0,1,29.6,2.5,0
2,12/1/2023 1:22,12/1/2023 1:38,1,2.26,1,N,87,33,2,12.8,1,0.5,0,0,1,17.8,2.5,0
2,12/1/2023 1:45,12/1/2023 1:45,1,0,5,N,33,33,1,17.8,0,0,3.76,0,1,22.56,0,0
2,12/1/2023 1:44,12/1/2023 2:00,1,4.57,1,N,249,40,1,21.9,1,0.5,5.38,0,1,32.28,2.5,0
2,12/1/2023 1:55,12/1/2023 2:01,2,1.12,1,N,144,113,1,8.6,1,0.5,2.72,0,1,16.32,2.5,0
2,12/1/2023 1:00,12/1/2023 1:13,1,4.59,1,N,161,74,1,19.8,1,0.5,4.96,0,1,29.76,2.5,0
1,12/1/2023 1:09,12/1/2023 1:13,1,0.4,1,N,148,148,4,0,0,0,0,0,0,0,0,0
1,12/1/2023 1:34,12/1/2023 1:53,2,6.7,1,N,79,41,1,27.5,3.5,0.5,4,0,1,36.5,2.5,0
2,12/1/2023 1:16,12/1/2023 1:27,1,2.56,1,N,166,236,1,13.5,1,0.5,3.7,0,1,22.2,2.5,0
2,12/1/2023 1:09,12/1/2023 1:20,1,4.51,1,N,232,33,1,19.8,1,0.5,6.2,0,1,31,2.5,0
1,12/1/2023 1:02,12/1/2023 1:07,1,1.2,1,N,113,164,1,7.9,3.5,0.5,2.55,0,1,15.45,2.5,0
2,12/1/2023 1:00,12/1/2023 1:04,1,0.8,1,N,237,236,1,6.5,1,0.5,2.3,0,1,13.8,2.5,0
2,12/1/2023 1:13,12/1/2023 1:18,2,0.8,1,N,237,162,2,7.2,1,0.5,0,0,1,12.2,2.5,0
2,12/1/2023 1:25,12/1/2023 1:33,1,2.99,1,N,237,238,1,13.5,1,0.5,3,0,1,21.5,2.5,0
2,12/1/2023 1:23,12/1/2023 1:39,1,4.81,1,N,114,236,1,21.2,1,0.5,1,0,1,27.2,2.5,0
2,12/1/2023 1:52,12/1/2023 2:05,1,4.44,1,N,87,107,1,20.5,1,0.5,5.1,0,1,30.6,2.5,0
2,12/1/2023 1:16,12/1/2023 1:18,1,0.76,1,N,229,233,1,5.1,1,0.5,2.02,0,1,12.12,2.5,0
1,12/1/2023 1:36,12/1/2023 1:42,1,0.9,1,N,50,230,2,7.2,3.5,0.5,0,0,1,12.2,2.5,0
1,12/1/2023 1:53,12/1/2023 2:01,1,1.7,1,N,234,249,1,10,3.5,0.5,4.5,0,1,19.5,2.5,0
2,12/1/2023 1:10,12/1/2023 1:19,2,1.9,1,N,211,88,2,11.4,1,0.5,0,0,1,16.4,2.5,0
2,12/1/2023 1:49,12/1/2023 1:53,1,0.8,1,N,170,229,1,6.5,1,0.5,2.3,0,1,13.8,2.5,0
2,12/1/2023 1:06,12/1/2023 1:28,1,6.91,1,N,262,94,1,30.3,1,0.5,3.53,0,1,38.83,2.5,0
2,12/1/2023 1:10,12/1/2023 1:19,1,1.79,1,N,114,137,1,11.4,1,0.5,3.28,0,1,19.68,2.5,0
2,12/1/2023 1:24,12/1/2023 1:31,2,1.34,1,N,166,238,1,9.3,1,0.5,2.95,0,1,14.75,0,0
2,12/1/2023 1:49,12/1/2023 2:10,1,5.72,1,N,234,255,1,27.5,1,0.5,0,0,1,32.5,2.5,0
2,12/1/2023 1:07,12/1/2023 1:09,2,0.38,1,N,148,45,1,4.4,1,0.5,1.88,0,1,11.28,2.5,0
2,12/1/2023 1:19,12/1/2023 1:29,2,2.69,1,N,148,255,1,13.5,1,0.5,3.7,0,1,22.2,2.5,0
2,12/1/2023 1:53,12/1/2023 2:05,1,2.29,1,N,144,224,1,13.5,1,0.5,3.7,0,1,22.2,2.5,0
2,12/1/2023 1:16,12/1/2023 1:23,1,2.02,1,N,90,161,2,10.7,1,0.5,0,0,1,15.7,2.5,0
2,12/1/2023 1:22,12/1/2023 1:34,1,2.16,1,N,234,161,2,14.2,1,0.5,0,0,1,19.2,2.5,0
2,12/1/2023 1:42,12/1/2023 2:02,1,4.56,1,N,163,261,1,23.3,1,0.5,4.24,0,1,32.54,2.5,0
2,12/1/2023 1:11,12/1/2023 1:19,3,1.38,1,N,249,231,1,10,1,0.5,0,0,1,15,2.5,0
2,12/1/2023 1:19,12/1/2023 1:31,1,2.03,1,N,164,163,1,13.5,1,0.5,2,0,1,20.5,2.5,0
2,12/1/2023 1:44,12/1/2023 1:58,1,3.37,1,N,186,263,1,17.7,1,0.5,4.54,0,1,27.24,2.5,0
1,12/1/2023 1:47,12/1/2023 1:51,1,1.4,1,N,137,229,1,7.2,3.5,0.5,2.45,0,1,14.65,2.5,0
1,12/1/2023 1:08,12/1/2023 1:13,1,0.7,1,N,113,79,1,7.2,3.5,0.5,2,0,1,14.2,2.5,0
2,12/1/2023 1:36,12/1/2023 1:43,1,2.99,1,N,237,74,2,13.5,1,0.5,0,0,1,18.5,2.5,0
2,12/1/2023 1:32,12/1/2023 1:41,3,2.54,1,N,249,163,1,12.8,1,0.5,3.56,0,1,21.36,2.5,0
2,12/1/2023 1:25,12/1/2023 1:36,2,1.73,1,N,234,233,1,12.1,1,0.5,3.42,0,1,20.52,2.5,0
2,12/1/2023 1:28,12/1/2023 1:41,1,3.21,1,N,164,145,1,16.3,1,0.5,5.65,6.94,1,33.89,2.5,0
2,12/1/2023 1:45,12/1/2023 1:57,1,2.33,1,N,145,7,1,14.2,1,0.5,5.01,0,1,21.71,0,0
2,12/1/2023 1:17,12/1/2023 1:28,1,1.7,1,N,158,107,1,12.1,1,0.5,3.42,0,1,20.52,2.5,0
2,12/1/2023 1:46,12/1/2023 2:14,1,10.97,1,N,114,258,1,46.4,1,0.5,10.28,0,1,61.68,2.5,0
1,12/1/2023 1:53,12/1/2023 2:01,1,1.8,1,N,234,229,2,14.2,3.5,0.5,0,0,1,19.2,2.5,0
2,12/1/2023 1:04,12/1/2023 1:13,1,1.31,1,N,13,144,1,10,1,0.5,3,0,1,18,2.5,0
2,12/1/2023 1:22,12/1/2023 1:29,1,1.05,1,N,232,79,1,7.9,1,0.5,2.58,0,1,15.48,2.5,0
1,12/1/2023 1:01,12/1/2023 1:09,2,2.2,1,N,113,261,2,12.1,3.5,0.5,0,0,1,17.1,2.5,0
2,12/1/2023 1:15,12/1/2023 1:26,1,2.61,1,N,211,100,2,14.2,1,0.5,0,0,1,19.2,2.5,0
2,12/1/2023 1:38,12/1/2023 1:46,1,1.94,1,N,164,141,1,10.7,1,0.5,3.14,0,1,18.84,2.5,0
2,12/1/2023 1:24,12/1/2023 1:28,2,0.85,1,N,263,141,1,6.5,1,0.5,2.3,0,1,13.8,2.5,0
2,12/1/2023 1:09,12/1/2023 1:57,1,29.68,5,N,161,265,1,100,0,0,30.3,0,1,131.3,0,0
2,12/1/2023 1:43,12/1/2023 1:56,1,4.56,1,N,229,45,2,21.2,1,0.5,0,0,1,26.2,2.5,0
2,12/1/2023 1:22,12/1/2023 1:26,1,0.58,1,N,158,249,1,5.8,1,0.5,1,0,1,11.8,2.5,0
2,12/1/2023 1:27,12/1/2023 1:34,2,0.97,1,N,79,144,1,8.6,1,0.5,2,0,1,15.6,2.5,0
2,12/1/2023 1:16,12/1/2023 1:37,1,5.32,1,N,75,226,1,26.8,1,0.5,6.36,0,1,38.16,2.5,0
1,12/1/2023 1:11,12/1/2023 1:36,1,9.7,1,N,68,243,2,42.2,2.5,0.5,0,0,1,46.2,2.5,0
2,12/1/2023 1:20,12/1/2023 1:30,1,2.49,1,N,142,68,1,12.8,1,0.5,3.56,0,1,21.36,2.5,0
2,12/1/2023 1:05,12/1/2023 1:12,1,1.57,1,N,114,170,1,10,1,0.5,1.5,0,1,16.5,2.5,0
2,12/1/2023 1:29,12/1/2023 1:35,1,1.5,1,N,114,137,1,9.3,1,0.5,2.86,0,1,17.16,2.5,0
2,12/1/2023 1:56,12/1/2023 2:01,1,1.64,1,N,79,233,1,8.6,1,0.5,2.72,0,1,16.32,2.5,0
1,12/1/2023 1:10,12/1/2023 1:15,1,1,1,N,229,170,1,7.2,3.5,0.5,1.5,0,1,13.7,2.5,0
1,12/1/2023 1:18,12/1/2023 1:26,1,2.2,1,N,233,262,1,11.4,3.5,0.5,2,0,1,18.4,2.5,0
1,12/1/2023 1:32,12/1/2023 1:36,4,1.1,1,N,141,263,1,7.2,3.5,0.5,2,0,1,14.2,2.5,0
2,12/1/2023 1:08,12/1/2023 1:10,1,1.16,1,N,236,75,1,6.5,1,0.5,2.3,0,1,13.8,2.5,0
1,12/1/2023 1:11,12/1/2023 1:13,0,0.6,1,N,186,90,1,5.1,3.5,0.5,2,0,1,12.1,2.5,0
1,12/1/2023 1:31,12/1/2023 1:41,0,2.2,1,N,231,164,1,12.1,3.5,0.5,3.4,0,1,20.5,2.5,0
1,12/1/2023 1:54,12/1/2023 2:17,0,7.5,1,N,211,226,2,33.1,3.5,0.5,0,0,1,38.1,2.5,0
2,12/1/2023 1:11,12/1/2023 1:17,4,1.16,1,N,234,68,1,8.6,1,0.5,0,0,1,13.6,2.5,0
2,12/1/2023 1:19,12/1/2023 1:26,5,1.26,1,N,68,114,1,9.3,1,0.5,2.86,0,1,17.16,2.5,0
2,12/1/2023 1:52,12/1/2023 1:54,5,0.27,1,N,234,234,1,4.4,1,0.5,1,0,1,10.4,2.5,0
2,12/1/2023 1:09,12/1/2023 1:11,1,0.41,1,N,162,230,2,4.4,1,0.5,0,0,1,9.4,2.5,0
1,12/1/2023 1:06,12/1/2023 1:32,1,5.9,1,N,163,256,1,26.1,3.5,0.5,6.2,0,1,37.3,2.5,0
2,12/1/2023 1:02,12/1/2023 1:16,1,3.28,1,N,90,143,1,17,1,0.5,1.5,0,1,23.5,2.5,0
1,12/1/2023 1:08,12/1/2023 1:14,1,0,1,N,140,262,1,4.4,3.5,0.5,2,0,1,11.4,2.5,0
1,12/1/2023 1:46,12/1/2023 1:55,1,2.2,1,N,79,256,1,11.4,3.5,0.5,3.3,0,1,19.7,2.5,0
2,12/1/2023 1:27,12/1/2023 1:44,2,5.38,1,N,249,151,1,25.4,1,0.5,4.56,0,1,34.96,2.5,0
2,12/1/2023 1:15,12/1/2023 1:33,1,4.36,1,N,230,112,1,21.9,1,0.5,8.46,6.94,1,42.3,2.5,0
2,12/1/2023 1:58,12/1/2023 2:05,1,2.68,1,N,137,141,1,12.1,1,0.5,3.42,0,1,20.52,2.5,0
1,12/1/2023 1:31,12/1/2023 1:46,1,3.8,1,N,48,262,1,19.1,3.5,0.5,4.8,0,1,28.9,2.5,0
2,12/1/2023 1:32,12/1/2023 1:35,1,1.11,1,N,249,90,4,-6.5,-1,-0.5,0,0,-1,-11.5,-2.5,0
2,12/1/2023 1:32,12/1/2023 1:35,1,1.11,1,N,249,90,4,6.5,1,0.5,0,0,1,11.5,2.5,0
1,12/1/2023 1:04,12/1/2023 1:04,1,0,1,N,141,141,2,3,3.5,0.5,0,0,1,8,2.5,0
1,12/1/2023 1:21,12/1/2023 1:28,1,1.5,1,N,48,239,1,8.6,3.5,0.5,2.7,0,1,16.3,2.5,0
1,12/1/2023 1:50,12/1/2023 2:00,1,1.6,1,N,249,68,1,10.7,3.5,0.5,3.15,0,1,18.85,2.5,0
1,12/1/2023 1:57,12/1/2023 2:02,1,1.2,1,N,144,264,1,7.9,3.5,0.5,1.11,0,1,14.01,2.5,0
2,12/1/2023 1:15,12/1/2023 1:20,1,0.63,1,N,48,161,1,6.5,1,0.5,2.3,0,1,13.8,2.5,0
2,12/1/2023 1:24,12/1/2023 1:27,1,0.39,1,N,234,90,1,5.1,1,0.5,2.02,0,1,12.12,2.5,0
2,12/1/2023 1:31,12/1/2023 1:34,1,0.79,1,N,186,100,1,5.8,1,0.5,1.5,0,1,12.3,2.5,0
2,12/1/2023 1:20,12/1/2023 1:29,1,1.7,1,N,234,79,1,11.4,1,0.5,2,0,1,18.4,2.5,0
2,12/1/2023 1:42,12/1/2023 1:47,1,0.78,1,N,211,114,1,7.2,1,0.5,3.66,0,1,15.86,2.5,0
2,12/1/2023 1:53,12/1/2023 2:03,1,2.95,1,N,144,246,2,14.9,1,0.5,0,0,1,19.9,2.5,0
2,12/1/2023 1:05,12/1/2023 1:34,1,4.5,1,N,13,68,2,28.2,1,0.5,0,0,1,33.2,2.5,0
1,12/1/2023 1:10,12/1/2023 1:17,1,0.9,1,N,114,113,1,7.9,3.5,0.5,0,0,1,12.9,2.5,0
1,12/1/2023 1:34,12/1/2023 1:47,1,3.1,1,N,230,262,1,15.6,3.5,0.5,4.1,0,1,24.7,2.5,0
2,12/1/2023 1:39,12/1/2023 1:56,1,3.47,1,N,144,50,1,18.4,1,0.5,0,0,1,23.4,2.5,0
2,12/1/2023 1:29,12/1/2023 1:36,1,1.13,1,N,114,249,1,8.6,1,0.5,2,0,1,15.6,2.5,0
2,12/1/2023 1:49,12/1/2023 1:56,3,1.31,1,N,113,90,1,9.3,1,0.5,1.7,0,1,16,2.5,0
2,12/1/2023 1:57,12/1/2023 2:10,1,6.17,1,N,142,244,1,26.1,1,0.5,4,0,1,35.1,2.5,0
2,12/1/2023 1:04,12/1/2023 1:24,1,8.53,1,N,125,116,1,35.9,1,0.5,0,0,1,40.9,2.5,0
2,12/1/2023 1:30,12/1/2023 1:41,1,2.43,1,N,116,247,2,14.2,1,0.5,0,0,1,16.7,0,0
1,12/1/2023 1:01,12/1/2023 1:06,1,0.6,1,N,158,249,1,5.8,3.5,0.5,0,0,1,10.8,2.5,0
1,12/1/2023 1:31,12/1/2023 1:39,1,1.3,1,N,249,144,2,8.6,3.5,0.5,0,0,1,13.6,2.5,0
2,12/1/2023 1:32,12/1/2023 1:52,1,5.44,1,N,249,49,1,26.8,1,0.5,7.95,0,1,39.75,2.5,0
2,12/1/2023 1:21,12/1/2023 1:32,1,3.42,1,N,107,262,1,15.6,1,0.5,3.2,0,1,23.8,2.5,0
2,12/1/2023 1:29,12/1/2023 1:37,1,1.98,1,N,230,141,1,10.7,1,0.5,3.14,0,1,18.84,2.5,0
2,12/1/2023 1:38,12/1/2023 1:47,1,2.47,1,N,141,162,1,12.8,1,0.5,4.45,0,1,22.25,2.5,0
1,12/1/2023 1:12,12/1/2023 1:30,1,4.6,1,N,48,75,1,23.3,3.5,0.5,5.65,0,1,33.95,2.5,0
1,12/1/2023 1:49,12/1/2023 1:54,1,1.4,1,N,48,158,1,8.6,3.5,0.5,2.7,0,1,16.3,2.5,0
1,12/1/2023 1:20,12/1/2023 1:36,1,3.2,1,N,100,148,1,17,3.5,0.5,1,0,1,23,2.5,0
2,12/1/2023 1:12,12/1/2023 1:16,1,0.83,1,N,48,50,1,6.5,1,0.5,2.3,0,1,13.8,2.5,0
2,12/1/2023 1:21,12/1/2023 1:46,2,9.43,1,N,163,95,1,40.1,1,0.5,9.02,0,1,54.12,2.5,0
2,12/1/2023 1:03,12/1/2023 1:10,3,1.19,1,N,142,239,1,9.3,1,0.5,1.43,0,1,15.73,2.5,0
2,12/1/2023 1:29,12/1/2023 1:31,1,0.97,1,N,75,74,1,6.5,1,0.5,1.8,0,1,10.8,0,0
1,12/1/2023 1:42,12/1/2023 1:59,1,5,1,N,144,89,1,22.6,3.5,0.5,0,0,1,27.6,2.5,0
2,12/1/2023 1:30,12/1/2023 1:40,1,2.18,1,N,161,238,1,12.8,1,0.5,3.56,0,1,21.36,2.5,0
2,12/1/2023 1:55,12/1/2023 2:15,1,10.91,1,N,230,220,1,42.9,1,0.5,10.22,3.18,1,61.3,2.5,0
2,12/1/2023 1:10,12/1/2023 1:24,1,2.95,1,N,246,211,1,16.3,1,0.5,4.26,0,1,25.56,2.5,0
2,12/1/2023 1:59,12/1/2023 2:10,1,1.91,1,N,148,249,1,12.8,1,0.5,3,0,1,20.8,2.5,0
2,12/1/2023 1:30,12/1/2023 1:32,1,0.44,1,N,246,246,2,4.4,1,0.5,0,0,1,9.4,2.5,0
2,12/1/2023 1:32,12/1/2023 1:39,1,0.74,1,N,87,87,1,7.9,1,0.5,2.58,0,1,15.48,2.5,0
2,12/1/2023 1:27,12/1/2023 1:37,1,1.49,1,N,249,231,1,10.7,1,0.5,3.14,0,1,18.84,2.5,0
2,12/1/2023 1:12,12/1/2023 1:22,1,2.23,1,N,87,33,1,12.8,1,0.5,3.56,0,1,21.36,2.5,0
2,12/1/2023 1:43,12/1/2023 1:51,1,1.57,1,N,107,148,4,-10.7,-1,-0.5,0,0,-1,-15.7,-2.5,0
2,12/1/2023 1:43,12/1/2023 1:51,1,1.57,1,N,107,148,4,10.7,1,0.5,0,0,1,15.7,2.5,0
2,12/1/2023 1:39,12/1/2023 1:49,1,2.11,1,N,249,246,1,12.8,1,0.5,3,0,1,20.8,2.5,0
1,12/1/2023 1:43,12/1/2023 1:54,1,3.4,1,N,79,141,1,15.6,3.5,0.5,4.1,0,1,24.7,2.5,0
2,12/1/2023 1:01,12/1/2023 1:13,4,3.98,1,N,48,166,1,17.7,1,0.5,4.54,0,1,27.24,2.5,0
2,12/1/2023 1:23,12/1/2023 1:33,3,2.5,1,N,238,74,1,13.5,1,0.5,0,0,1,18.5,2.5,0
2,12/1/2023 1:29,12/1/2023 1:36,1,1.3,1,N,249,211,2,8.6,1,0.5,0,0,1,13.6,2.5,0
2,12/1/2023 1:39,12/1/2023 1:42,1,0.16,1,N,211,211,1,4.4,1,0.5,40,0,1,49.4,2.5,0
1,12/1/2023 1:01,12/1/2023 1:09,1,1.4,1,N,114,158,1,10,3.5,0.5,3,0,1,18,2.5,0
1,12/1/2023 1:14,12/1/2023 1:18,1,1,1,N,90,246,1,6.5,3.5,0.5,0,0,1,11.5,2.5,0
1,12/1/2023 1:21,12/1/2023 1:26,1,0.8,1,N,246,234,1,7.2,3.5,0.5,3.65,0,1,15.85,2.5,0
1,12/1/2023 1:43,12/1/2023 2:15,1,9,1,N,262,18,1,42.2,3.5,0.5,5,0,1,52.2,2.5,0
1,12/1/2023 1:54,12/1/2023 1:58,1,0.7,1,N,234,137,1,6.5,3.5,0.5,1.58,0,1,13.08,2.5,0
2,12/1/2023 1:11,12/1/2023 1:20,1,5,1,N,74,47,2,20.5,1,0.5,0,0,1,23,0,0
2,12/1/2023 1:04,12/1/2023 1:21,1,2.04,1,N,246,113,1,16.3,1,0.5,4.26,0,1,25.56,2.5,0
2,12/1/2023 1:35,12/1/2023 1:42,1,0.95,1,N,79,249,1,8.6,1,0.5,3.4,0,1,17,2.5,0
2,12/1/2023 1:56,12/1/2023 1:59,1,1.34,1,N,79,233,1,7.2,1,0.5,0,0,1,12.2,2.5,0
2,12/1/2023 1:24,12/1/2023 1:31,2,1.35,1,N,230,246,2,9.3,1,0.5,0,0,1,14.3,2.5,0
1,12/1/2023 1:12,12/1/2023 1:25,1,1.7,1,N,229,50,2,11.4,3.5,0.5,0,0,1,16.4,2.5,0
2,12/1/2023 1:06,12/1/2023 1:15,1,2.14,1,N,90,50,1,12.1,1,0.5,3.42,0,1,20.52,2.5,0
2,12/1/2023 1:23,12/1/2023 1:31,1,2.28,1,N,246,142,1,12.1,1,0.5,1,0,1,18.1,2.5,0
2,12/1/2023 1:36,12/1/2023 1:47,2,7.17,1,N,48,244,1,28.2,1,0.5,6.64,0,1,39.84,2.5,0
2,12/1/2023 1:19,12/1/2023 1:24,1,1.28,1,N,236,75,2,7.9,1,0.5,0,0,1,12.9,2.5,0
2,12/1/2023 1:30,12/1/2023 1:35,1,1.36,1,N,236,74,1,7.9,1,0.5,2.58,0,1,15.48,2.5,0
2,12/1/2023 1:49,12/1/2023 1:54,2,1.27,1,N,263,162,1,7.9,1,0.5,1,0,1,13.9,2.5,0
1,12/1/2023 1:01,12/1/2023 1:14,1,4.4,1,N,45,33,1,19.8,3.5,0.5,5,0,1,29.8,2.5,0
1,12/1/2023 1:36,12/1/2023 1:43,3,0.8,1,N,211,144,1,6.5,3.5,0.5,2.3,0,1,13.8,2.5,0
1,12/1/2023 1:26,12/1/2023 1:31,1,1.2,1,N,79,107,1,7.2,3.5,0.5,2.4,0,1,14.6,2.5,0
2,12/1/2023 1:13,12/1/2023 1:18,1,0.81,1,N,234,186,2,7.2,1,0.5,0,0,1,12.2,2.5,0
1,12/1/2023 1:08,12/1/2023 1:18,1,1.6,1,N,142,162,1,11.4,3.5,0.5,3.25,0,1,19.65,2.5,0
1,12/1/2023 1:37,12/1/2023 1:43,1,1.9,1,N,45,65,1,10,3.5,0.5,2,0,1,17,2.5,0
1,12/1/2023 1:03,12/1/2023 1:15,1,2.1,1,N,170,163,2,13.5,3.5,0.5,0,0,1,18.5,2.5,0
2,12/1/2023 1:15,12/1/2023 1:33,2,3.39,1,N,163,79,1,19.1,1,0.5,4.82,0,1,28.92,2.5,0
2,12/1/2023 1:37,12/1/2023 1:50,2,2.37,1,N,148,158,1,14.2,1,0.5,1,0,1,20.2,2.5,0
2,12/1/2023 1:13,12/1/2023 1:18,1,0.86,1,N,79,107,1,7.2,1,0.5,2.44,0,1,14.64,2.5,0
2,12/1/2023 1:19,12/1/2023 1:22,1,0.57,1,N,137,233,1,5.8,1,0.5,1,0,1,11.8,2.5,0
2,12/1/2023 1:02,12/1/2023 1:09,1,1.79,1,N,50,186,1,10,1,0.5,3.75,0,1,18.75,2.5,0
2,12/1/2023 1:11,12/1/2023 1:32,1,5.49,1,N,186,223,1,26.1,1,0.5,6.22,0,1,37.32,2.5,0
2,12/1/2023 1:06,12/1/2023 1:09,1,0.82,1,N,249,90,1,5.8,1,0.5,1,0,1,11.8,2.5,0
2,12/1/2023 1:14,12/1/2023 1:39,1,6.38,1,N,90,112,1,30.3,1,0.5,7.06,0,1,42.36,2.5,0
1,12/1/2023 1:15,12/1/2023 1:44,2,6,1,N,79,238,1,27.5,3.5,0.5,6.5,0,1,39,2.5,0
1,12/1/2023 1:03,12/1/2023 1:18,1,3,1,N,48,107,1,17,3.5,0.5,4.4,0,1,26.4,2.5,0
1,12/1/2023 1:44,12/1/2023 1:59,1,3.8,1,N,161,125,1,19.1,3.5,0.5,4.8,0,1,28.9,2.5,0
2,12/1/2023 1:05,12/1/2023 1:15,2,2.38,1,N,211,48,1,13.5,1,0.5,3.7,0,1,22.2,2.5,0
2,12/1/2023 1:23,12/1/2023 1:25,1,0.52,1,N,68,246,1,5.1,1,0.5,2.02,0,1,12.12,2.5,0
1,12/1/2023 1:17,12/1/2023 1:24,1,1,1,N,249,79,1,7.2,3.5,0.5,2.45,0,1,14.65,2.5,0
1,12/1/2023 1:25,12/1/2023 1:33,1,2.7,1,N,107,140,1,12.1,3.5,0.5,3.4,0,1,20.5,2.5,0
2,12/1/2023 1:04,12/1/2023 1:17,1,5.79,1,N,141,87,1,25.4,1,0.5,3.04,0,1,33.44,2.5,0
2,12/1/2023 1:28,12/1/2023 1:34,1,1.47,1,N,125,90,1,8.6,1,0.5,1,0,1,14.6,2.5,0
2,12/1/2023 1:12,12/1/2023 1:19,1,1.72,1,N,237,238,1,10.7,1,0.5,3.14,0,1,18.84,2.5,0
2,12/1/2023 1:18,12/1/2023 1:40,1,5.09,1,N,211,255,1,24,1,0.5,5.8,0,1,34.8,2.5,0
1,12/1/2023 1:06,12/1/2023 1:10,1,0.2,1,N,74,74,3,5.8,1,0.5,0,0,1,8.3,0,0
1,12/1/2023 1:37,12/1/2023 1:49,1,3,1,N,263,41,2,16.3,3.5,0.5,0,0,1,21.3,2.5,0
2,12/1/2023 1:04,12/1/2023 1:09,1,0.86,1,N,158,125,1,7.2,1,0.5,2.44,0,1,14.64,2.5,0
2,12/1/2023 1:21,12/1/2023 1:35,2,2.68,1,N,158,87,1,15.6,1,0.5,4.12,0,1,24.72,2.5,0
2,12/1/2023 1:27,12/1/2023 1:40,1,2,1,N,148,186,1,14.2,1,0.5,3.84,0,1,23.04,2.5,0
2,12/1/2023 1:07,12/1/2023 1:17,2,1.44,1,N,249,148,1,11.4,1,0.5,3.28,0,1,19.68,2.5,0
2,12/1/2023 1:53,12/1/2023 2:13,1,4.35,1,N,249,255,1,23.3,1,0.5,5.66,0,1,33.96,2.5,0
2,12/1/2023 1:44,12/1/2023 1:48,1,1.6,1,N,68,48,1,8.6,1,0.5,2.72,0,1,16.32,2.5,0
2,12/1/2023 1:52,12/1/2023 1:59,1,1.59,1,N,48,143,1,9.3,1,0.5,2.86,0,1,17.16,2.5,0
2,12/1/2023 1:09,12/1/2023 1:26,1,1.91,1,N,114,170,1,17,1,0.5,2,0,1,24,2.5,0
2,12/1/2023 1:01,12/1/2023 1:34,1,10.34,1,N,142,189,1,45,1,0.5,10,0,1,60,2.5,0
2,12/1/2023 1:24,12/1/2023 1:34,5,2.77,1,N,141,75,1,14.2,1,0.5,1.11,0,1,20.31,2.5,0
2,12/1/2023 1:22,12/1/2023 1:35,1,2.89,1,N,158,161,1,15.6,1,0.5,4.12,0,1,24.72,2.5,0
2,12/1/2023 1:02,12/1/2023 1:22,1,11.37,1,N,132,82,1,45,1,0.5,0,0,1,49.25,0,1.75
2,12/1/2023 1:50,12/1/2023 2:10,1,10.44,1,N,137,78,1,40.8,1,0.5,9.16,0,1,54.96,2.5,0
2,12/1/2023 1:18,12/1/2023 1:26,2,1.46,1,N,148,107,1,10,1,0.5,3,0,1,18,2.5,0
2,12/1/2023 1:27,12/1/2023 1:41,1,4.42,1,N,107,239,1,19.8,1,0.5,4.96,0,1,29.76,2.5,0
2,12/1/2023 1:09,12/1/2023 1:26,1,7.21,1,N,148,74,2,29.6,1,0.5,0,0,1,34.6,2.5,0
2,12/1/2023 1:40,12/1/2023 1:46,1,0.99,1,N,125,261,4,-7.2,-1,-0.5,0,0,-1,-12.2,-2.5,0
2,12/1/2023 1:40,12/1/2023 1:46,1,0.99,1,N,125,261,4,7.2,1,0.5,0,0,1,12.2,2.5,0
2,12/1/2023 1:49,12/1/2023 1:59,2,1.83,1,N,231,249,1,11.4,1,0.5,3.28,0,1,19.68,2.5,0
1,12/1/2023 1:02,12/1/2023 1:09,1,0.5,1,N,161,48,1,7.2,3.5,0.5,2,0,1,14.2,2.5,0
2,12/1/2023 1:58,12/1/2023 2:02,1,1,1,N,211,249,1,7.2,1,0.5,2.44,0,1,14.64,2.5,0
2,12/1/2023 1:20,12/1/2023 1:30,1,2.31,1,N,148,170,1,12.8,1,0.5,3.56,0,1,21.36,2.5,0
2,12/1/2023 1:46,12/1/2023 1:55,3,2.51,1,N,148,186,1,12.8,1,0.5,3.56,0,1,21.36,2.5,0
2,12/1/2023 1:56,12/1/2023 2:06,2,2.91,1,N,186,239,2,14.2,1,0.5,0,0,1,19.2,2.5,0
2,12/1/2023 1:22,12/1/2023 1:28,1,1.53,1,N,249,164,1,9.3,1,0.5,3.58,0,1,17.88,2.5,0
2,12/1/2023 1:01,12/1/2023 1:09,1,2.12,1,N,158,230,1,11.4,1,0.5,3.28,0,1,19.68,2.5,0
2,12/1/2023 1:12,12/1/2023 1:18,3,1.01,1,N,114,79,1,7.9,1,0.5,2.58,0,1,15.48,2.5,0
2,12/1/2023 1:27,12/1/2023 1:34,3,1.19,1,N,148,79,1,9.3,1,0.5,2.86,0,1,17.16,2.5,0
2,12/1/2023 1:40,12/1/2023 1:57,5,6.04,1,N,148,142,1,26.8,1,0.5,2,0,1,33.8,2.5,0
2,12/1/2023 1:30,12/1/2023 1:36,1,1.32,1,N,114,90,1,8.6,1,0.5,2.72,0,1,16.32,2.5,0
1,12/1/2023 1:01,12/1/2023 1:16,2,3.5,1,N,148,225,1,18.4,3.5,0.5,4.65,0,1,28.05,2.5,0
1,12/1/2023 1:05,12/1/2023 1:26,1,6.3,1,N,249,17,2,27.5,3.5,0.5,0,0,1,32.5,2.5,0
2,12/1/2023 1:19,12/1/2023 1:27,2,1.02,1,N,230,162,2,9.3,1,0.5,0,0,1,14.3,2.5,0
2,12/1/2023 1:11,12/1/2023 1:21,2,2.5,1,N,232,137,1,13.5,1,0.5,1.85,0,1,20.35,2.5,0
2,12/1/2023 1:08,12/1/2023 1:13,2,1.21,1,N,50,162,2,7.9,1,0.5,0,0,1,12.9,2.5,0
2,12/1/2023 1:40,12/1/2023 1:42,2,0.54,1,N,170,170,1,5.1,1,0.5,2.02,0,1,12.12,2.5,0
2,12/1/2023 1:08,12/1/2023 1:26,1,4.42,1,N,161,260,1,22.6,1,0.5,5.52,0,1,33.12,2.5,0
2,12/1/2023 1:08,12/1/2023 1:22,1,4.51,1,N,237,7,1,19.8,1,0.5,2,0,1,26.8,2.5,0
2,12/1/2023 1:36,12/1/2023 1:58,1,6.95,1,N,231,24,1,32.4,1,0.5,1,0,1,38.4,2.5,0
2,12/1/2023 1:58,12/1/2023 2:03,1,1.11,5,N,236,75,1,8,0,0.5,0.87,0,1,12.87,2.5,0
2,12/1/2023 1:00,12/1/2023 1:25,1,4.91,1,N,230,87,1,26.8,1,0.5,4.13,0,1,35.93,2.5,0
2,12/1/2023 1:59,12/1/2023 2:08,1,2.3,1,N,164,141,2,12.1,1,0.5,0,0,1,17.1,2.5,0
2,12/1/2023 1:16,12/1/2023 1:22,1,1.27,1,N,163,107,1,9.3,1,0.5,2,0,1,16.3,2.5,0
2,12/1/2023 1:30,12/1/2023 1:36,1,1.35,1,N,79,137,1,8.6,1,0.5,2.72,0,1,16.32,2.5,0
2,12/1/2023 1:18,12/1/2023 1:30,1,2.21,1,N,114,137,2,14.2,1,0.5,0,0,1,19.2,2.5,0
1,12/1/2023 1:32,12/1/2023 1:51,1,5.1,1,N,68,263,1,24,3.5,0.5,2,0,1,31,2.5,0
1,12/1/2023 1:55,12/1/2023 1:59,2,0.4,1,N,263,236,1,5.8,3.5,0.5,2,0,1,12.8,2.5,0
2,12/1/2023 1:16,12/1/2023 1:32,1,4.25,1,N,234,65,1,20.5,1,0.5,5.1,0,1,30.6,2.5,0
2,12/1/2023 1:43,12/1/2023 1:48,1,1.71,1,N,239,48,2,9.3,1,0.5,0,0,1,14.3,2.5,0
2,12/1/2023 1:55,12/1/2023 2:08,1,2.88,1,N,142,263,1,16.3,1,0.5,2,0,1,23.3,2.5,0
2,12/1/2023 1:08,12/1/2023 1:18,1,3.2,1,N,249,143,1,14.9,1,0.5,4.98,0,1,24.88,2.5,0
2,12/1/2023 1:05,12/1/2023 1:26,1,5.13,1,N,231,163,1,25.4,1,0.5,6.08,0,1,36.48,2.5,0
1,12/1/2023 1:06,12/1/2023 1:22,1,8.2,1,N,97,129,2,33.8,1,0.5,0,0,1,36.3,0,0
2,12/1/2023 1:13,12/1/2023 1:27,1,2.47,1,N,142,263,1,16.3,1,0.5,4.26,0,1,25.56,2.5,0
2,12/1/2023 1:49,12/1/2023 1:57,1,2.48,1,N,239,152,2,12.1,1,0.5,0,0,1,17.1,2.5,0
2,12/1/2023 1:05,12/1/2023 1:18,1,6.15,1,N,132,139,1,25.4,1,0.5,0,0,1,29.65,0,1.75
1,12/1/2023 1:24,12/1/2023 1:31,2,0.9,1,N,79,249,1,8.6,3.5,0.5,2,0,1,15.6,2.5,0
2,12/1/2023 1:04,12/1/2023 1:23,1,4.07,1,N,249,80,1,22.6,1,0.5,5.52,0,1,33.12,2.5,0
2,12/1/2023 1:08,12/1/2023 1:19,1,2.48,1,N,148,255,1,14.2,1,0.5,3,0,1,22.2,2.5,0
1,12/1/2023 1:16,12/1/2023 1:32,1,3.4,1,N,88,68,2,18.4,3.5,0.5,0,0,1,23.4,2.5,0
1,12/1/2023 1:45,12/1/2023 1:55,2,2.2,1,N,142,151,1,12.8,3.5,0.5,3.56,0,1,21.36,2.5,0
2,12/1/2023 1:31,12/1/2023 1:49,2,4.71,1,N,125,141,1,21.9,1,0.5,1,0,1,27.9,2.5,0
2,12/1/2023 1:34,12/1/2023 1:40,1,1.28,1,N,230,43,1,9.3,1,0.5,2.86,0,1,17.16,2.5,0
2,12/1/2023 1:41,12/1/2023 1:44,1,0.76,1,N,43,238,1,6.5,1,0.5,1,0,1,12.5,2.5,0
2,12/1/2023 1:08,12/1/2023 1:13,1,0.54,1,N,161,162,1,5.8,1,0.5,0,0,1,10.8,2.5,0
2,12/1/2023 1:38,12/1/2023 1:42,1,0.88,1,N,234,90,1,6.5,1,0.5,1,0,1,12.5,2.5,0
2,12/1/2023 1:06,12/1/2023 1:13,1,0.93,1,N,137,186,4,-8.6,-1,-0.5,0,0,-1,-13.6,-2.5,0
2,12/1/2023 1:06,12/1/2023 1:13,1,0.93,1,N,137,164,4,8.6,1,0.5,0,0,1,13.6,2.5,0
2,12/1/2023 1:24,12/1/2023 1:26,1,0.53,1,N,163,237,1,5.1,1,0.5,2,0,1,12.1,2.5,0
2,12/1/2023 1:06,12/1/2023 1:08,2,0.46,1,N,114,113,1,4.4,1,0.5,2.82,0,1,12.22,2.5,0
2,12/1/2023 1:10,12/1/2023 1:20,1,3.87,1,N,79,236,1,17,1,0.5,4.4,0,1,26.4,2.5,0
2,12/1/2023 1:51,12/1/2023 2:01,2,2.83,1,N,249,233,1,14.2,1,0.5,3.84,0,1,23.04,2.5,0
2,12/1/2023 1:22,12/1/2023 1:29,1,0.84,1,N,114,113,1,7.9,1,0.5,1,0,1,13.9,2.5,0
2,12/1/2023 1:34,12/1/2023 1:53,1,4.58,1,N,113,37,1,23.3,1,0.5,0,0,1,28.3,2.5,0
2,12/1/2023 1:07,12/1/2023 1:13,1,1.47,1,N,229,170,1,8.6,1,0.5,3.4,0,1,17,2.5,0
2,12/1/2023 1:27,12/1/2023 1:37,1,1.71,1,N,229,48,2,11.4,1,0.5,0,0,1,16.4,2.5,0
2,12/1/2023 1:38,12/1/2023 1:47,2,1.54,1,N,90,163,1,10.7,1,0.5,0,0,1,15.7,2.5,0
2,12/1/2023 1:17,12/1/2023 1:44,1,5.44,1,N,230,223,2,29.6,1,0.5,0,0,1,34.6,2.5,0
2,12/1/2023 1:34,12/1/2023 1:40,1,1.64,1,N,148,90,2,8.6,1,0.5,0,0,1,13.6,2.5,0
2,12/1/2023 1:32,12/1/2023 1:42,1,2.25,1,N,249,230,1,12.8,1,0.5,3.56,0,1,21.36,2.5,0
1,12/1/2023 1:16,12/1/2023 1:30,1,2.9,1,N,164,262,1,15.6,3.5,0.5,4.1,0,1,24.7,2.5,0
1,12/1/2023 1:41,12/1/2023 1:49,1,3.5,1,N,263,168,2,15.6,1,0.5,0,0,1,18.1,0,0
2,12/1/2023 1:00,12/1/2023 1:01,2,0.25,1,N,148,148,1,3.7,1,0.5,1.74,0,1,10.44,2.5,0
2,12/1/2023 1:22,12/1/2023 1:32,1,2.87,1,N,114,233,1,14.2,1,0.5,3.84,0,1,23.04,2.5,0
2,12/1/2023 1:36,12/1/2023 1:57,1,4.84,1,N,162,41,1,24.7,1,0.5,5.94,0,1,35.64,2.5,0
2,12/1/2023 1:20,12/1/2023 1:34,1,3.41,1,N,142,211,1,17,1,0.5,4.4,0,1,26.4,2.5,0
2,12/1/2023 1:03,12/1/2023 1:43,2,5.9,5,N,249,265,1,95,0,0,15,12.75,1,123.75,0,0
1,12/1/2023 1:44,12/1/2023 1:59,3,3.2,1,N,144,229,1,18.4,3.5,0.5,2.81,0,1,26.21,2.5,0
2,12/1/2023 1:04,12/1/2023 1:16,5,4.4,1,N,88,79,1,19.8,1,0.5,2,0,1,26.8,2.5,0
1,12/1/2023 1:39,12/1/2023 1:47,1,2,1,N,230,239,2,11.4,3.5,0.5,0,0,1,16.4,2.5,0
2,12/1/2023 1:07,12/1/2023 1:13,1,0.98,1,N,148,125,1,7.9,1,0.5,2.58,0,1,15.48,2.5,0
2,12/1/2023 1:17,12/1/2023 1:24,1,0.97,1,N,158,113,1,8.6,1,0.5,2.04,0,1,15.64,2.5,0
2,12/1/2023 1:28,12/1/2023 1:31,1,0.41,1,N,113,79,1,5.1,1,0.5,2.02,0,1,12.12,2.5,0
2,12/1/2023 1:33,12/1/2023 1:38,1,1.31,1,N,107,170,1,7.9,1,0.5,2.58,0,1,15.48,2.5,0
2,12/1/2023 1:09,12/1/2023 1:26,1,3.69,1,N,144,48,2,19.8,1,0.5,0,0,1,24.8,2.5,0
2,12/1/2023 1:44,12/1/2023 1:49,1,0.52,1,N,79,79,1,6.5,1,0.5,2,0,1,13.5,2.5,0
2,12/1/2023 1:10,12/1/2023 1:21,2,1.86,1,N,144,234,1,12.8,1,0.5,1,0,1,18.8,2.5,0
1,12/1/2023 1:01,12/1/2023 1:06,1,0.9,1,N,90,246,1,7.2,3.5,0.5,3,0,1,15.2,2.5,0
1,12/1/2023 1:41,12/1/2023 1:59,1,4.6,1,N,48,7,1,23.3,3.5,0.5,4.81,0,1,33.11,2.5,0
2,12/1/2023 1:41,12/1/2023 1:51,1,4.01,1,N,263,137,1,17.7,1,0.5,4.54,0,1,27.24,2.5,0
2,12/1/2023 1:53,12/1/2023 1:59,1,1.32,1,N,144,231,1,8.6,1,0.5,2.72,0,1,16.32,2.5,0
2,12/1/2023 1:13,12/1/2023 1:25,1,3.79,1,N,237,179,1,18.4,1,0.5,4.68,0,1,28.08,2.5,0
1,12/1/2023 1:52,12/1/2023 1:56,1,0.7,1,N,264,144,1,6.5,3.5,0.5,2.3,0,1,13.8,2.5,0
2,12/1/2023 1:08,12/1/2023 1:09,4,0.23,1,N,144,113,1,3.7,1,0.5,1.74,0,1,10.44,2.5,0
2,12/1/2023 1:13,12/1/2023 1:17,2,0.8,1,N,113,234,1,5.8,1,0.5,2.16,0,1,12.96,2.5,0
2,12/1/2023 1:27,12/1/2023 1:34,2,1.19,1,N,114,114,1,8.6,1,0.5,2.72,0,1,16.32,2.5,0
2,12/1/2023 1:49,12/1/2023 2:06,1,5.5,1,N,113,238,1,24,1,0.5,5.8,0,1,34.8,2.5,0
1,12/1/2023 1:02,12/1/2023 1:10,1,2.3,1,N,142,141,1,12.8,3.5,0.5,3.56,0,1,21.36,2.5,0
1,12/1/2023 1:11,12/1/2023 1:15,1,0.8,1,N,141,236,2,6.5,3.5,0.5,0,0,1,11.5,2.5,0
2,12/1/2023 1:38,12/1/2023 1:54,1,3.77,1,N,161,148,1,19.8,1,0.5,0,0,1,24.8,2.5,0
2,12/1/2023 1:56,12/1/2023 2:11,1,6.8,1,N,148,237,1,29.6,1,0.5,6.92,0,1,41.52,2.5,0
1,12/1/2023 1:22,12/1/2023 1:38,1,3.6,1,N,100,263,1,17.7,3.5,0.5,3,0,1,25.7,2.5,0
1,12/1/2023 1:39,12/1/2023 1:44,1,1.6,1,N,263,162,1,8.6,3.5,0.5,3.4,0,1,17,2.5,0
2,12/1/2023 1:08,12/1/2023 1:14,1,1.03,1,N,68,107,2,7.9,1,0.5,0,0,1,12.9,2.5,0
2,12/1/2023 1:23,12/1/2023 1:29,1,1.22,1,N,144,234,1,8.6,1,0.5,2.72,0,1,16.32,2.5,0
2,12/1/2023 1:29,12/1/2023 1:40,2,2.3,1,N,234,48,1,12.8,1,0.5,3,0,1,20.8,2.5,0
2,12/1/2023 1:00,12/1/2023 1:01,1,0.04,1,N,234,90,4,-3.7,-1,-0.5,0,0,-1,-8.7,-2.5,0
2,12/1/2023 1:00,12/1/2023 1:01,1,0.04,1,N,234,234,4,3.7,1,0.5,0,0,1,8.7,2.5,0
1,12/1/2023 1:23,12/1/2023 1:54,1,12.7,1,N,148,147,2,49.2,3.5,0.5,0,0,1,54.2,2.5,0
2,12/1/2023 1:48,12/1/2023 1:53,1,0.73,1,N,249,113,1,5.8,1,0.5,2,0,1,12.8,2.5,0
2,12/1/2023 1:45,12/1/2023 1:53,1,1.61,1,N,230,137,1,10,1,0.5,3,0,1,18,2.5,0
2,12/1/2023 1:36,12/1/2023 1:44,4,2.7,1,N,263,170,1,12.8,1,0.5,5.34,0,1,23.14,2.5,0
2,12/1/2023 1:57,12/1/2023 2:07,3,2.55,1,N,230,125,1,12.8,1,0.5,2.67,0,1,20.47,2.5,0
1,12/1/2023 1:12,12/1/2023 1:23,1,1.6,1,N,68,170,1,11.4,3.5,0.5,3.28,0,1,19.68,2.5,0
2,12/1/2023 1:19,12/1/2023 1:26,1,1.64,1,N,239,236,2,9.3,1,0.5,0,0,1,14.3,2.5,0
2,12/1/2023 1:22,12/1/2023 1:37,1,3.83,1,N,148,225,2,19.1,1,0.5,0,0,1,24.1,2.5,0
2,12/1/2023 1:10,12/1/2023 1:21,1,2.28,1,N,148,90,1,13.5,1,0.5,5.55,0,1,24.05,2.5,0
2,12/1/2023 1:31,12/1/2023 1:40,1,1.94,1,N,100,163,1,11.4,1,0.5,3.28,0,1,19.68,2.5,0
2,12/1/2023 1:07,12/1/2023 1:16,5,1.58,1,N,163,233,1,10.7,1,0.5,3.14,0,1,18.84,2.5,0
2,12/1/2023 1:23,12/1/2023 1:27,5,0.73,1,N,107,137,1,5.8,1,0.5,2.16,0,1,12.96,2.5,0
2,12/1/2023 1:51,12/1/2023 1:54,5,0.91,1,N,186,230,1,6.5,1,0.5,2.88,0,1,14.38,2.5,0
2,12/1/2023 1:48,12/1/2023 2:08,2,2.98,1,N,163,48,2,19.8,1,0.5,0,0,1,24.8,2.5,0
2,12/1/2023 1:04,12/1/2023 1:16,1,4.02,1,N,114,163,1,17.7,1,0.5,4.54,0,1,27.24,2.5,0
2,12/1/2023 1:32,12/1/2023 1:45,2,2.36,1,N,249,233,1,14.2,1,0.5,19.01,0,1,38.21,2.5,0
2,12/1/2023 1:59,12/1/2023 2:05,1,1.56,1,N,186,48,1,8.6,1,0.5,2.72,0,1,16.32,2.5,0
2,12/1/2023 1:07,12/1/2023 1:20,1,3.65,1,N,141,90,1,17,1,0.5,1,0,1,23,2.5,0
2,12/1/2023 1:43,12/1/2023 2:11,1,19.94,2,N,132,141,1,70,0,0.5,16.19,6.94,1,98.88,2.5,1.75
2,12/1/2023 1:22,12/1/2023 1:34,1,1.75,1,N,79,249,1,12.8,1,0.5,3.56,0,1,21.36,2.5,0
2,12/1/2023 1:31,12/1/2023 1:38,1,1.39,1,N,234,125,1,8.6,1,0.5,1.36,0,1,14.96,2.5,0
2,12/1/2023 1:51,12/1/2023 2:10,1,4.25,1,N,113,142,1,22.6,1,0.5,5,0,1,32.6,2.5,0
2,12/1/2023 1:22,12/1/2023 1:29,1,2.22,1,N,142,151,1,12.1,1,0.5,2,0,1,19.1,2.5,0
2,12/1/2023 1:44,12/1/2023 1:47,1,0.7,1,N,48,230,2,5.8,1,0.5,0,0,1,10.8,2.5,0
2,12/1/2023 2:00,12/1/2023 2:11,1,1.83,1,N,234,48,2,12.8,1,0.5,0,0,1,17.8,2.5,0
2,12/1/2023 1:14,12/1/2023 1:21,1,0.95,1,N,231,144,1,8.6,1,0.5,2.72,0,1,16.32,2.5,0
2,12/1/2023 1:22,12/1/2023 1:25,1,0.47,1,N,144,114,1,5.1,1,0.5,2.02,0,1,12.12,2.5,0
2,12/1/2023 1:12,12/1/2023 1:30,1,4.13,1,N,48,145,1,21.2,1,0.5,5.24,0,1,31.44,2.5,0
2,12/1/2023 1:33,12/1/2023 1:55,1,11.37,1,N,145,130,1,44.3,1,0.5,11.7,0,1,58.5,0,0
2,12/1/2023 1:45,12/1/2023 1:56,1,2.7,1,N,100,148,2,14.9,1,0.5,0,0,1,19.9,2.5,0
2,12/1/2023 1:46,12/1/2023 2:08,2,18.6,2,N,132,148,1,70,0,0.5,14.8,0,1,90.55,2.5,1.75
2,12/1/2023 1:42,12/1/2023 1:48,1,1.11,1,N,230,125,1,7.9,1,0.5,2.58,0,1,15.48,2.5,0
2,12/1/2023 1:11,12/1/2023 1:21,1,1.65,1,N,158,79,1,10.7,1,0.5,0,0,1,15.7,2.5,0
2,12/1/2023 1:16,12/1/2023 1:48,1,11.06,1,N,162,95,2,45,1,0.5,0,6.94,1,56.94,2.5,0
2,12/1/2023 1:09,12/1/2023 1:13,5,0.45,1,N,114,249,2,5.1,1,0.5,0,0,1,10.1,2.5,0
2,12/1/2023 1:17,12/1/2023 1:25,5,0.8,1,N,249,249,1,8.6,1,0.5,4.08,0,1,17.68,2.5,0
2,12/1/2023 1:49,12/1/2023 1:53,5,0.77,1,N,249,68,1,5.8,1,0.5,5,0,1,15.8,2.5,0
2,12/1/2023 1:00,12/1/2023 1:11,3,1.46,1,N,209,144,1,11.4,1,0.5,3.28,0,1,19.68,2.5,0
2,12/1/2023 1:54,12/1/2023 2:01,4,1.87,1,N,158,246,1,10,1,0.5,3,0,1,18,2.5,0
2,12/1/2023 1:08,12/1/2023 1:31,1,5.34,1,N,148,50,1,28.2,1,0.5,2,0,1,35.2,2.5,0
2,12/1/2023 1:10,12/1/2023 1:23,1,2.41,1,N,158,87,1,14.9,1,0.5,3.98,0,1,23.88,2.5,0
2,12/1/2023 1:24,12/1/2023 1:46,1,8.11,1,N,88,263,1,35.9,1,0.5,1,0,1,41.9,2.5,0
2,12/1/2023 1:53,12/1/2023 2:18,1,6.7,1,N,237,129,2,-31,-1,-0.5,0,0,-1,-36,-2.5,0
2,12/1/2023 1:53,12/1/2023 2:18,1,6.7,1,N,237,82,2,31,1,0.5,0,0,1,36,2.5,0
2,12/1/2023 1:04,12/1/2023 1:10,1,0.7,1,N,100,48,1,7.2,1,0.5,2,0,1,14.2,2.5,0
1,12/1/2023 1:16,12/1/2023 1:27,1,3,1,N,114,229,1,14.9,3.5,0.5,1,0,1,20.9,2.5,0
1,12/1/2023 1:42,12/1/2023 1:52,1,1.3,1,N,114,249,2,10.7,3.5,0.5,0,0,1,15.7,2.5,0
1,12/1/2023 1:03,12/1/2023 1:14,2,2.8,1,N,234,140,1,14.9,3.5,0.5,0,0,1,19.9,2.5,0
1,12/1/2023 1:16,12/1/2023 1:20,1,1,1,N,140,141,1,7.2,3.5,0.5,2.4,0,1,14.6,2.5,0
2,12/1/2023 1:46,12/1/2023 2:09,1,7.05,1,N,100,255,1,32.4,1,0.5,11.22,0,1,48.62,2.5,0
2,12/1/2023 1:06,12/1/2023 1:12,1,1.41,1,N,107,164,1,8.6,1,0.5,2.45,0,1,16.05,2.5,0
1,12/1/2023 1:04,12/1/2023 1:08,1,1.1,1,N,48,143,1,7.2,3.5,0.5,2,0,1,14.2,2.5,0
1,12/1/2023 1:58,12/1/2023 2:12,1,4.2,1,N,114,236,1,19.8,3.5,0.5,2.5,0,1,27.3,2.5,0
2,12/1/2023 1:30,12/1/2023 1:37,1,1.75,1,N,249,234,4,-10,-1,-0.5,0,0,-1,-15,-2.5,0
2,12/1/2023 1:30,12/1/2023 1:37,1,1.75,1,N,249,234,4,10,1,0.5,0,0,1,15,2.5,0
2,12/1/2023 1:12,12/1/2023 1:26,1,3.57,1,N,163,211,1,18.4,1,0.5,4.68,0,1,28.08,2.5,0
2,12/1/2023 1:59,12/1/2023 2:02,1,0.97,1,N,249,234,1,5.8,1,0.5,2.16,0,1,12.96,2.5,0
1,12/1/2023 1:15,12/1/2023 1:30,1,3.8,1,N,234,239,1,17.7,3.5,0.5,4.55,0,1,27.25,2.5,0
2,12/1/2023 1:04,12/1/2023 1:24,1,7.48,1,N,158,116,1,32.4,1,0.5,7.48,0,1,44.88,2.5,0
2,12/1/2023 1:35,12/1/2023 1:40,1,0.46,1,N,107,114,1,6.5,1,0.5,2.3,0,1,13.8,2.5,0
2,12/1/2023 1:08,12/1/2023 1:17,1,2.17,1,N,186,231,1,11.4,1,0.5,0,0,1,16.4,2.5,0
2,12/1/2023 1:01,12/1/2023 1:06,1,1.29,1,N,249,186,1,7.9,1,0.5,0,0,1,12.9,2.5,0
2,12/1/2023 1:30,12/1/2023 1:40,3,2.36,1,N,114,48,1,12.8,1,0.5,3.56,0,1,21.36,2.5,0
2,12/1/2023 1:55,12/1/2023 2:04,1,1,1,N,114,148,1,9.3,1,0.5,2.86,0,1,17.16,2.5,0
2,12/1/2023 1:17,12/1/2023 1:22,1,0.88,1,N,226,7,1,7.2,1,0.5,1.94,0,1,11.64,0,0
2,12/1/2023 1:01,12/1/2023 1:11,2,1.91,1,N,107,68,1,12.1,1,0.5,2,0,1,19.1,2.5,0
2,12/1/2023 1:14,12/1/2023 1:31,1,9.27,1,N,246,127,2,37.3,1,0.5,0,0,1,42.3,2.5,0
2,12/1/2023 1:01,12/1/2023 1:18,1,3.98,1,N,48,236,1,21.2,1,0.5,4.5,0,1,30.7,2.5,0
2,12/1/2023 1:23,12/1/2023 1:26,1,1.24,1,N,237,263,1,7.2,1,0.5,1.83,0,1,14.03,2.5,0
2,12/1/2023 1:38,12/1/2023 1:39,1,0.19,1,N,230,163,4,-3,-1,-0.5,0,0,-1,-8,-2.5,0
2,12/1/2023 1:38,12/1/2023 1:39,1,0.19,1,N,230,163,4,3,1,0.5,0,0,1,8,2.5,0
2,12/1/2023 1:21,12/1/2023 1:29,1,1.55,1,N,148,224,1,10.7,1,0.5,2,0,1,17.7,2.5,0
2,12/1/2023 1:45,12/1/2023 2:17,2,7.48,1,N,144,263,1,37.3,1,0.5,6.34,0,1,48.64,2.5,0
1,12/1/2023 1:05,12/1/2023 1:22,1,4.3,1,N,249,25,1,21.2,3.5,0.5,5,0,1,31.2,2.5,0
1,12/1/2023 1:38,12/1/2023 1:49,1,4.4,1,N,87,170,1,19.8,3.5,0.5,4.95,0,1,29.75,2.5,0
2,12/1/2023 1:35,12/1/2023 1:40,3,1.13,1,N,107,164,1,7.2,1,0.5,1,0,1,13.2,2.5,0
1,12/1/2023 1:26,12/1/2023 1:39,1,8.5,1,N,88,262,1,33.1,3.5,0.5,3.5,0,1,41.6,2.5,0
2,12/1/2023 1:10,12/1/2023 1:33,1,5.54,1,N,246,166,1,28.2,1,0.5,6.64,0,1,39.84,2.5,0
2,12/1/2023 1:59,12/1/2023 2:01,3,0.49,1,N,68,90,1,4.4,1,0.5,2.35,0,1,11.75,2.5,0
2,12/1/2023 1:14,12/1/2023 1:23,1,1.18,1,N,230,68,2,10,1,0.5,0,0,1,15,2.5,0
2,12/1/2023 1:34,12/1/2023 1:41,1,1.67,1,N,230,143,1,10.7,1,0.5,3.14,0,1,18.84,2.5,0
2,12/1/2023 1:59,12/1/2023 2:09,1,2.6,1,N,163,151,1,14.2,1,0.5,3.84,0,1,23.04,2.5,0
2,12/1/2023 1:25,12/1/2023 1:30,3,0.59,1,N,48,163,1,6.5,1,0.5,2.88,0,1,14.38,2.5,0
2,12/1/2023 1:35,12/1/2023 1:38,1,0.62,1,N,48,48,1,5.8,1,0.5,1.08,0,1,11.88,2.5,0
2,12/1/2023 1:58,12/1/2023 2:08,1,3.48,1,N,48,236,1,16.3,1,0.5,3.2,0,1,24.5,2.5,0
2,12/1/2023 1:04,12/1/2023 1:13,1,1.98,1,N,48,186,2,12.1,1,0.5,0,0,1,17.1,2.5,0
2,12/1/2023 1:41,12/1/2023 1:50,6,2.56,1,N,48,263,1,12.8,1,0.5,5.34,0,1,23.14,2.5,0
2,12/1/2023 1:50,12/1/2023 2:07,1,5.59,1,N,79,179,1,24.7,1,0.5,4,0,1,33.7,2.5,0
2,12/1/2023 1:02,12/1/2023 1:08,1,0.83,1,N,211,231,1,7.2,1,0.5,2.44,0,1,14.64,2.5,0
2,12/1/2023 1:11,12/1/2023 1:17,1,0.64,1,N,211,211,1,7.2,1,0.5,3.66,0,1,15.86,2.5,0
2,12/1/2023 1:18,12/1/2023 1:32,1,3.25,1,N,211,162,1,17,1,0.5,1,0,1,23,2.5,0
2,12/1/2023 0:54,12/1/2023 0:58,1,0.67,1,N,161,163,1,6.5,1,0.5,2.3,0,1,13.8,2.5,0
2,12/1/2023 1:40,12/1/2023 1:48,1,1.64,1,N,48,164,1,10.7,1,0.5,3.14,0,1,18.84,2.5,0
2,12/1/2023 1:26,12/1/2023 1:46,1,4.1,1,N,48,232,1,21.9,1,0.5,5.38,0,1,32.28,2.5,0
2,12/1/2023 1:00,12/1/2023 1:11,1,1.7,1,N,142,48,1,12.1,1,0.5,3.42,0,1,20.52,2.5,0
2,12/1/2023 1:44,12/1/2023 1:51,1,1.34,1,N,230,229,1,8.6,1,0.5,3.4,0,1,17,2.5,0
1,12/1/2023 1:09,12/1/2023 1:14,1,0.5,1,N,161,229,1,6.5,3.5,0.5,2,0,1,13.5,2.5,0
1,12/1/2023 1:56,12/1/2023 2:02,3,1.1,1,N,164,170,1,7.9,3.5,0.5,3.85,0,1,16.75,2.5,0
1,12/1/2023 1:23,12/1/2023 1:40,1,3.1,1,N,231,68,1,16.3,3.5,0.5,4.25,0,1,25.55,2.5,0
1,12/1/2023 1:59,12/1/2023 2:19,1,4.5,1,N,164,13,2,21.2,3.5,0.5,0,0,1,26.2,2.5,0
1,12/1/2023 1:36,12/1/2023 1:48,1,3.4,1,N,170,75,1,16.3,3.5,0.5,4.25,0,1,25.55,2.5,0
1,12/1/2023 1:05,12/1/2023 1:13,0,1.8,1,N,170,79,1,10.7,3.5,0.5,1,0,1,16.7,2.5,0
2,12/1/2023 1:07,12/1/2023 1:20,1,2.84,1,N,79,256,1,16.3,1,0.5,4.26,0,1,25.56,2.5,0
2,12/1/2023 1:54,12/1/2023 2:02,1,2.51,1,N,79,256,1,12.8,1,0.5,3.56,0,1,21.36,2.5,0
1,12/1/2023 1:37,12/1/2023 1:50,1,2.2,1,N,249,224,1,12.8,3.5,0.5,3.55,0,1,21.35,2.5,0
2,12/1/2023 1:11,12/1/2023 1:18,1,0.93,1,N,161,48,1,8.6,1,0.5,1.4,0,1,15,2.5,0
2,12/1/2023 1:35,12/1/2023 1:42,1,2.74,1,N,141,113,1,12.8,1,0.5,4.45,0,1,22.25,2.5,0
2,12/1/2023 1:50,12/1/2023 1:56,1,1.04,1,N,79,144,1,8.6,1,0.5,2.72,0,1,16.32,2.5,0
2,12/1/2023 1:39,12/1/2023 1:49,1,1.32,1,N,249,79,1,10,1,0.5,3,0,1,18,2.5,0
2,12/1/2023 1:52,12/1/2023 2:03,1,2.35,1,N,79,87,1,13.5,1,0.5,3.7,0,1,22.2,2.5,0
2,12/1/2023 1:52,12/1/2023 2:28,1,12.3,1,N,100,89,1,54.1,1,0.5,2,0,1,61.1,2.5,0
2,12/1/2023 1:10,12/1/2023 1:14,1,0.62,1,N,148,114,1,5.8,1,0.5,2.16,0,1,12.96,2.5,0
2,12/1/2023 1:18,12/1/2023 1:28,1,1.79,1,N,114,68,1,11.4,1,0.5,3.28,0,1,19.68,2.5,0
1,12/1/2023 1:23,12/1/2023 1:57,1,8.6,1,N,164,36,1,39.4,3.5,0.5,11.1,0,1,55.5,2.5,0
2,12/1/2023 1:45,12/1/2023 2:01,1,3.05,1,N,211,255,1,18.4,1,0.5,5.85,0,1,29.25,2.5,0
1,12/1/2023 1:36,12/1/2023 1:43,1,1.1,1,N,233,186,1,7.9,3.5,0.5,2.6,0,1,15.5,2.5,0
2,12/1/2023 1:42,12/1/2023 2:07,1,12.87,1,N,144,171,1,50.6,1,0.5,5,0,1,60.6,2.5,0
1,12/1/2023 1:11,12/1/2023 1:24,1,1.8,5,N,264,264,1,50,0,0,0,12.75,1,63.75,0,0
1,12/1/2023 1:55,12/1/2023 2:04,1,2,1,N,186,79,1,12.1,3.5,0.5,3.4,0,1,20.5,2.5,0
2,12/1/2023 1:01,12/1/2023 1:09,1,1.08,1,N,79,90,1,8.6,1,0.5,3.4,0,1,17,2.5,0
2,12/1/2023 1:12,12/1/2023 1:16,1,1.19,1,N,68,246,1,7.2,1,0.5,2.44,0,1,14.64,2.5,0
2,12/1/2023 1:58,12/1/2023 1:59,2,0.01,1,N,142,142,4,-3,-1,-0.5,0,0,-1,-8,-2.5,0
2,12/1/2023 1:58,12/1/2023 1:59,2,0.01,1,N,142,237,4,3,1,0.5,0,0,1,8,2.5,0
2,12/1/2023 1:03,12/1/2023 1:07,1,0.61,1,N,113,114,1,5.8,1,0.5,2.16,0,1,12.96,2.5,0
2,12/1/2023 1:32,12/1/2023 1:37,1,1.15,1,N,113,107,1,7.9,1,0.5,0,0,1,12.9,2.5,0
2,12/1/2023 1:16,12/1/2023 1:22,1,0.68,1,N,161,229,1,7.2,1,0.5,2.44,0,1,14.64,2.5,0
1,12/1/2023 1:59,12/1/2023 2:05,1,1.3,1,N,137,229,1,7.9,3.5,0.5,2,0,1,14.9,2.5,0
1,12/1/2023 1:03,12/1/2023 1:15,1,3.4,1,N,107,263,1,15.6,3.5,0.5,4.1,0,1,24.7,2.5,0
2,12/1/2023 1:00,12/1/2023 1:13,2,2.52,1,N,163,246,1,15.6,1,0.5,4.12,0,1,24.72,2.5,0
2,12/1/2023 1:18,12/1/2023 1:24,1,1.49,1,N,246,234,2,9.3,1,0.5,0,0,1,14.3,2.5,0
2,12/1/2023 1:41,12/1/2023 1:43,2,0.67,1,N,164,164,1,5.1,1,0.5,2.52,0,1,12.62,2.5,0
2,12/1/2023 1:01,12/1/2023 1:10,1,2.89,1,N,148,209,1,14.2,1,0.5,3,0,1,22.2,2.5,0
2,12/1/2023 1:42,12/1/2023 2:01,1,4.13,1,N,148,50,2,23.3,1,0.5,0,0,1,28.3,2.5,0
2,12/1/2023 1:07,12/1/2023 1:11,1,0.96,1,N,263,140,1,6.5,1,0.5,2.3,0,1,13.8,2.5,0
2,12/1/2023 1:45,12/1/2023 2:00,1,2.75,1,N,164,148,4,-16.3,-1,-0.5,0,0,-1,-21.3,-2.5,0
2,12/1/2023 1:45,12/1/2023 2:00,1,2.75,1,N,164,232,4,16.3,1,0.5,0,0,1,21.3,2.5,0
1,12/1/2023 1:02,12/1/2023 1:11,1,2.1,1,N,161,113,1,12.1,3.5,0.5,3.4,0,1,20.5,2.5,0
1,12/1/2023 1:22,12/1/2023 1:33,2,2.7,1,N,141,48,1,14.9,3.5,0.5,3.95,0,1,23.85,2.5,0
1,12/1/2023 1:41,12/1/2023 1:59,2,3.7,1,N,48,262,1,20.5,3.5,0.5,3,0,1,28.5,2.5,0
2,12/1/2023 1:40,12/1/2023 1:57,1,2.39,1,N,209,113,1,17,1,0.5,4.4,0,1,26.4,2.5,0
2,12/1/2023 1:05,12/1/2023 1:23,1,5.25,1,N,79,238,1,24,1,0.5,5.8,0,1,34.8,2.5,0
2,12/1/2023 1:50,12/1/2023 1:52,1,0.5,1,N,114,113,1,5.1,1,0.5,2.02,0,1,12.12,2.5,0
2,12/1/2023 1:03,12/1/2023 1:12,2,1.55,1,N,158,68,1,10.7,1,0.5,2,0,1,17.7,2.5,0
1,12/1/2023 1:48,12/1/2023 1:56,1,2.5,1,N,141,226,3,13.5,3.5,0.5,0,0,1,18.5,2.5,0
2,12/1/2023 1:08,12/1/2023 1:10,1,0.39,1,N,239,238,1,4.4,1,0.5,1.88,0,1,11.28,2.5,0
2,12/1/2023 1:20,12/1/2023 1:28,1,2.53,1,N,41,239,1,12.8,1,0.5,3.56,0,1,21.36,2.5,0
2,12/1/2023 1:05,12/1/2023 1:10,1,1.21,1,N,148,231,1,7.9,1,0.5,3.87,0,1,16.77,2.5,0
2,12/1/2023 1:16,12/1/2023 1:21,3,0.61,1,N,211,144,1,6.5,1,0.5,2.3,0,1,13.8,2.5,0
1,12/1/2023 1:23,12/1/2023 1:29,1,0.9,1,N,144,231,1,7.2,3.5,0.5,3.05,0,1,15.25,2.5,0
2,12/1/2023 1:11,12/1/2023 1:17,1,1.46,1,N,114,209,1,9.3,1,0.5,2.86,0,1,17.16,2.5,0
2,12/1/2023 1:02,12/1/2023 1:08,2,2.09,1,N,233,79,1,10,1,0.5,3,0,1,18,2.5,0
2,12/1/2023 1:18,12/1/2023 1:35,2,4.96,1,N,137,238,1,22.6,1,0.5,5.52,0,1,33.12,2.5,0
2,12/1/2023 1:38,12/1/2023 1:45,1,1.23,1,N,186,230,1,9.3,1,0.5,0,0,1,14.3,2.5,0
1,12/1/2023 1:39,12/1/2023 1:56,1,6,1,N,170,13,1,26.1,3.5,0.5,6.2,0,1,37.3,2.5,0
2,12/1/2023 1:04,12/1/2023 1:12,1,1.71,1,N,231,79,1,10,1,0.5,3,0,1,18,2.5,0
2,12/1/2023 1:13,12/1/2023 1:18,2,0.76,1,N,79,114,1,7.2,1,0.5,1,0,1,13.2,2.5,0
2,12/1/2023 1:27,12/1/2023 1:36,2,1.99,1,N,249,246,1,11.4,1,0.5,2,0,1,18.4,2.5,0
2,12/1/2023 1:47,12/1/2023 1:55,1,1.87,1,N,48,90,1,10.7,1,0.5,3.92,0,1,19.62,2.5,0
1,12/1/2023 1:28,12/1/2023 1:38,3,2.2,1,N,230,68,1,12.1,3.5,0.5,0,0,1,17.1,2.5,0
1,12/1/2023 1:41,12/1/2023 1:57,1,2.5,1,N,68,148,1,17,3.5,0.5,4.4,0,1,26.4,2.5,0
2,12/1/2023 1:26,12/1/2023 1:35,1,2.34,1,N,48,249,1,12.1,1,0.5,3.42,0,1,20.52,2.5,0
2,12/1/2023 1:06,12/1/2023 1:20,1,4.57,1,N,79,239,1,20.5,1,0.5,5.1,0,1,30.6,2.5,0
2,12/1/2023 1:33,12/1/2023 1:57,2,6.81,1,N,48,116,4,-31.7,-1,-0.5,0,0,-1,-36.7,-2.5,0
2,12/1/2023 1:33,12/1/2023 1:57,2,6.81,1,N,48,116,4,31.7,1,0.5,0,0,1,36.7,2.5,0
2,12/1/2023 1:57,12/1/2023 2:23,1,6.3,1,N,68,255,1,32.4,1,0.5,7.48,0,1,44.88,2.5,0
2,12/1/2023 1:18,12/1/2023 1:32,1,2.13,1,N,142,186,1,14.2,1,0.5,4.8,0,1,24,2.5,0
1,12/1/2023 1:24,12/1/2023 1:30,1,1.2,1,N,148,87,1,8.6,3.5,0.5,2,0,1,15.6,2.5,0
1,12/1/2023 1:39,12/1/2023 1:44,2,0.6,1,N,88,261,1,6.5,3.5,0.5,2.3,0,1,13.8,2.5,0
1,12/1/2023 1:51,12/1/2023 2:05,1,3.4,1,N,231,48,1,17.7,3.5,0.5,1,0,1,23.7,2.5,0
2,12/1/2023 1:27,12/1/2023 1:41,1,2.99,1,N,230,141,1,17,1,0.5,4.4,0,1,26.4,2.5,0
2,12/1/2023 1:50,12/1/2023 1:57,1,1.68,1,N,90,224,1,10,1,0.5,1.5,0,1,16.5,2.5,0
2,12/1/2023 1:16,12/1/2023 1:25,1,1.26,1,N,79,234,1,10.7,1,0.5,0,0,1,15.7,2.5,0
2,12/1/2023 1:27,12/1/2023 1:33,2,1,1,N,90,48,1,7.9,1,0.5,2.58,0,1,15.48,2.5,0
2,12/1/2023 1:42,12/1/2023 1:50,1,1.6,1,N,230,68,2,10.7,1,0.5,0,0,1,15.7,2.5,0
2,12/1/2023 1:06,12/1/2023 1:10,1,0.87,1,N,79,79,1,6.5,1,0.5,2.3,0,1,13.8,2.5,0
2,12/1/2023 1:13,12/1/2023 1:35,1,5.05,1,N,48,179,1,24.7,1,0.5,5.94,0,1,35.64,2.5,0
2,12/1/2023 1:34,12/1/2023 1:46,1,2.65,1,N,237,90,1,14.9,1,0.5,1,0,1,20.9,2.5,0
2,12/1/2023 1:53,12/1/2023 2:14,1,3.73,1,N,249,65,1,22.6,1,0.5,6.9,0,1,34.5,2.5,0
1,12/1/2023 1:31,12/1/2023 1:45,1,4.6,1,N,143,41,1,21.2,3.5,0.5,7.85,0,1,34.05,2.5,0
2,12/1/2023 1:10,12/1/2023 1:17,1,1.28,1,N,113,125,1,9.3,1,0.5,2.86,0,1,17.16,2.5,0
2,12/1/2023 1:23,12/1/2023 1:27,1,0.99,1,N,249,186,1,6.5,1,0.5,2.3,0,1,13.8,2.5,0
2,12/1/2023 1:49,12/1/2023 2:07,2,4.84,1,N,163,231,1,23.3,1,0.5,0,0,1,28.3,2.5,0
2,12/1/2023 1:40,12/1/2023 1:49,1,2.35,1,N,164,141,1,12.1,1,0.5,3.42,0,1,20.52,2.5,0
2,12/1/2023 1:52,12/1/2023 2:01,1,1.58,1,N,246,50,1,10,1,0.5,3,0,1,18,2.5,0
2,12/1/2023 1:05,12/1/2023 1:25,1,11.35,1,N,132,82,2,44.3,1,0.5,0,0,1,48.55,0,1.75
2,12/1/2023 1:01,12/1/2023 1:10,3,1.99,1,N,161,140,1,11.4,1,0.5,3.28,0,1,19.68,2.5,0
1,12/1/2023 1:13,12/1/2023 1:31,1,2.3,1,N,48,137,1,16.3,3.5,0.5,6.4,0,1,27.7,2.5,0
1,12/1/2023 1:37,12/1/2023 1:52,1,5.2,1,N,234,74,1,21.9,3.5,0.5,5.4,0,1,32.3,2.5,0
2,12/1/2023 1:09,12/1/2023 1:16,1,0.71,1,N,158,249,1,7.9,1,0.5,2.58,0,1,15.48,2.5,0
2,12/1/2023 1:44,12/1/2023 1:56,1,2.41,1,N,68,229,1,14.9,1,0.5,4.97,0,1,24.87,2.5,0
2,12/1/2023 1:22,12/1/2023 1:36,1,3.09,1,N,79,255,1,17,1,0.5,2,0,1,24,2.5,0
2,12/1/2023 1:02,12/1/2023 1:07,1,1.72,1,N,233,224,1,8.6,1,0.5,0,0,1,13.6,2.5,0
2,12/1/2023 1:19,12/1/2023 2:00,1,14.15,1,N,144,116,2,61.1,1,0.5,0,0,1,66.1,2.5,0
2,12/1/2023 0:54,12/1/2023 1:03,5,2.37,1,N,137,237,1,13.5,1,0.5,2,0,1,20.5,2.5,0
2,12/1/2023 1:09,12/1/2023 1:11,5,0.79,1,N,263,141,4,-5.8,-1,-0.5,0,0,-1,-10.8,-2.5,0
2,12/1/2023 1:09,12/1/2023 1:11,5,0.79,1,N,263,141,4,5.8,1,0.5,0,0,1,10.8,2.5,0
2,12/1/2023 1:29,12/1/2023 1:42,5,3.53,1,N,114,255,2,17.7,1,0.5,0,0,1,22.7,2.5,0
2,12/1/2023 1:48,12/1/2023 1:49,1,0,5,N,264,264,1,39,0,0,8,0,1,48,0,0
2,12/1/2023 1:08,12/1/2023 1:34,1,13.54,1,N,132,198,1,53.4,1,0.5,11.18,0,1,68.83,0,1.75
1,12/1/2023 1:21,12/1/2023 1:23,1,0.2,1,N,164,164,2,3.7,3.5,0.5,0,0,1,8.7,2.5,0
1,12/1/2023 1:40,12/1/2023 1:50,1,2.3,1,N,90,50,1,12.1,3.5,0.5,3.4,0,1,20.5,2.5,0
2,12/1/2023 1:01,12/1/2023 1:05,1,0.75,1,N,246,186,1,6.5,1,0.5,4,0,1,15.5,2.5,0
2,12/1/2023 1:57,12/1/2023 2:08,1,2.99,1,N,142,166,1,14.9,1,0.5,3.98,0,1,23.88,2.5,0
1,12/1/2023 1:02,12/1/2023 1:13,1,2.3,1,N,239,48,1,12.1,3.5,0.5,0,0,1,17.1,2.5,0
1,12/1/2023 1:20,12/1/2023 1:26,1,0.8,1,N,48,100,1,7.2,3.5,0.5,1,0,1,13.2,2.5,0
2,12/1/2023 1:04,12/1/2023 1:18,1,3.75,1,N,170,238,1,18.4,1,0.5,0,0,1,23.4,2.5,0
2,12/1/2023 1:42,12/1/2023 1:49,1,1.17,1,N,114,125,1,8.6,1,0.5,1,0,1,14.6,2.5,0
2,12/1/2023 1:06,12/1/2023 1:09,1,0.73,1,N,79,170,1,5.1,1,0.5,2.02,0,1,12.12,2.5,0
2,12/1/2023 1:10,12/1/2023 1:16,1,2.3,1,N,137,141,1,10.7,1,0.5,3.14,0,1,18.84,2.5,0
2,12/1/2023 1:08,12/1/2023 1:37,1,16.74,2,N,100,132,1,70,0,0.5,3,6.94,1,83.94,2.5,0
2,12/1/2023 1:21,12/1/2023 1:38,1,3.38,1,N,65,225,1,18.4,1,0.5,4.18,0,1,25.08,0,0
2,12/1/2023 1:12,12/1/2023 1:21,1,2.14,1,N,246,249,1,11.4,1,0.5,4.1,0,1,20.5,2.5,0
2,12/1/2023 1:38,12/1/2023 1:40,1,0.66,1,N,246,48,2,5.1,1,0.5,0,0,1,10.1,2.5,0
2,12/1/2023 1:53,12/1/2023 2:19,1,7.1,1,N,137,49,1,34.5,1,0.5,7.9,0,1,47.4,2.5,0
2,12/1/2023 1:53,12/1/2023 2:01,1,2.41,1,N,230,263,1,12.1,1,0.5,3.42,0,1,20.52,2.5,0
1,12/1/2023 1:13,12/1/2023 1:25,2,2.4,1,N,164,229,1,14.9,3.5,0.5,2,0,1,21.9,2.5,0
1,12/1/2023 1:57,12/1/2023 2:01,2,1.2,1,N,79,137,1,7.2,3.5,0.5,2.4,0,1,14.6,2.5,0
2,12/1/2023 1:13,12/1/2023 1:14,1,0,5,N,265,265,1,120,0,0,36.3,0,1,157.3,0,0
2,12/1/2023 1:09,12/1/2023 1:31,2,6.14,1,N,79,43,1,26.1,1,0.5,6.22,0,1,37.32,2.5,0
2,12/1/2023 1:05,12/1/2023 1:11,1,1.26,1,N,43,43,4,-8.6,-1,-0.5,0,0,-1,-13.6,-2.5,0
2,12/1/2023 1:05,12/1/2023 1:11,1,1.26,1,N,43,43,4,8.6,1,0.5,0,0,1,13.6,2.5,0
2,12/1/2023 1:22,12/1/2023 1:30,1,1.58,1,N,238,263,1,10.7,1,0.5,0,0,1,15.7,2.5,0
2,12/1/2023 1:11,12/1/2023 1:21,1,2.64,1,N,239,75,2,13.5,1,0.5,0,0,1,18.5,2.5,0
2,12/1/2023 1:43,12/1/2023 1:57,4,2.36,1,N,163,90,1,15.6,1,0.5,4.12,0,1,24.72,2.5,0
2,12/1/2023 1:14,12/1/2023 1:28,1,2.57,1,N,246,79,1,14.9,1,0.5,3.98,0,1,23.88,2.5,0
2,12/1/2023 1:02,12/1/2023 1:06,1,1.29,1,N,75,74,2,7.9,1,0.5,0,0,1,10.4,0,0
2,12/1/2023 1:16,12/1/2023 1:28,1,2.61,1,N,229,238,1,14.9,1,0.5,3.98,0,1,23.88,2.5,0
2,12/1/2023 1:28,12/1/2023 1:30,2,0.39,1,N,230,48,2,4.4,1,0.5,0,0,1,9.4,2.5,0
2,12/1/2023 1:45,12/1/2023 1:54,1,1.53,1,N,144,158,2,10,1,0.5,0,0,1,15,2.5,0
1,12/1/2023 1:49,12/1/2023 2:09,1,4.8,1,N,43,231,1,24,3.5,0.5,5.8,0,1,34.8,2.5,0
2,12/1/2023 1:46,12/1/2023 1:51,6,0.78,1,N,4,79,1,7.2,1,0.5,1,0,1,13.2,2.5,0
2,12/1/2023 1:53,12/1/2023 2:07,6,1.6,1,N,79,234,1,14.2,1,0.5,3.84,0,1,23.04,2.5,0
1,12/1/2023 1:21,12/1/2023 1:24,3,0.8,1,N,113,234,1,6.5,3.5,0.5,1,0,1,12.5,2.5,0
1,12/1/2023 1:29,12/1/2023 1:35,2,1.5,1,N,107,148,1,8.6,3.5,0.5,2.7,0,1,16.3,2.5,0
1,12/1/2023 1:46,12/1/2023 2:10,2,6.6,1,N,148,238,1,28.9,3.5,0.5,1,0,1,34.9,2.5,0
1,12/1/2023 1:05,12/1/2023 1:12,1,1,1,N,79,4,1,7.2,3.5,0.5,2.4,0,1,14.6,2.5,0
1,12/1/2023 1:01,12/1/2023 1:23,1,4.7,1,N,148,143,1,25.4,3.5,0.5,2,0,1,32.4,2.5,0
2,12/1/2023 1:23,12/1/2023 1:39,1,3.85,1,N,113,255,1,19.8,1,0.5,4.96,0,1,29.76,2.5,0
2,12/1/2023 1:20,12/1/2023 1:23,1,0.65,1,N,161,164,1,5.8,1,0.5,0,0,1,10.8,2.5,0
2,12/1/2023 1:51,12/1/2023 2:04,1,4.06,1,N,79,145,1,18.4,1,0.5,5.85,0,1,29.25,2.5,0
2,12/1/2023 1:08,12/1/2023 1:31,1,4.83,1,N,249,17,1,25.4,1,0.5,7.6,0,1,38,2.5,0
1,12/1/2023 1:01,12/1/2023 1:13,1,3.6,1,Y,50,75,1,17,3.5,0.5,6.55,0,1,28.55,2.5,0
1,12/1/2023 1:28,12/1/2023 1:33,0,2.4,1,N,137,232,1,11.4,3.5,0.5,5,0,1,21.4,2.5,0
1,12/1/2023 1:41,12/1/2023 1:52,0,4.3,1,N,148,263,1,18.4,3.5,0.5,0,0,1,23.4,2.5,0
2,12/1/2023 1:26,12/1/2023 1:36,2,2.3,1,N,90,142,1,12.8,1,0.5,3.56,0,1,21.36,2.5,0
2,12/1/2023 1:40,12/1/2023 1:52,1,1.8,1,N,239,263,1,13.5,1,0.5,3.7,0,1,22.2,2.5,0
1,12/1/2023 1:57,12/1/2023 2:04,1,2,1,N,249,48,1,10.7,3.5,0.5,3.9,0,1,19.6,2.5,0
2,12/1/2023 1:06,12/1/2023 1:13,1,1.44,1,N,107,4,1,9.3,1,0.5,2.86,0,1,17.16,2.5,0
2,12/1/2023 1:25,12/1/2023 1:30,1,0.96,1,N,249,79,1,7.2,1,0.5,2.44,0,1,14.64,2.5,0
2,12/1/2023 1:33,12/1/2023 1:38,1,0.58,1,N,79,148,1,7.2,1,0.5,2.44,0,1,14.64,2.5,0
1,12/1/2023 1:37,12/1/2023 1:44,1,1,1,N,148,113,1,7.2,3.5,0.5,2.45,0,1,14.65,2.5,0
1,12/1/2023 1:49,12/1/2023 1:57,1,1.3,1,N,114,137,1,8.6,3.5,0.5,2.7,0,1,16.3,2.5,0
2,12/1/2023 1:12,12/1/2023 1:21,6,3.29,1,N,79,140,1,14.2,1,0.5,4.8,0,1,24,2.5,0
1,12/1/2023 1:02,12/1/2023 1:11,1,0.8,1,N,211,114,1,7.2,3.5,0.5,2.45,0,1,14.65,2.5,0
1,12/1/2023 1:18,12/1/2023 1:22,1,0.4,1,N,107,137,1,4.4,3.5,0.5,4,0,1,13.4,2.5,0
1,12/1/2023 1:29,12/1/2023 1:32,1,0.4,1,N,137,233,1,4.4,3.5,0.5,2,0,1,11.4,2.5,0
1,12/1/2023 1:54,12/1/2023 2:07,1,3.1,1,N,141,4,2,14.9,3.5,0.5,0,0,1,19.9,2.5,0
1,12/1/2023 1:13,12/1/2023 1:23,1,1.7,1,N,158,113,1,10,3.5,0.5,3,0,1,18,2.5,0
1,12/1/2023 1:31,12/1/2023 1:36,1,0.7,1,N,113,113,1,6.5,3.5,0.5,2.9,0,1,14.4,2.5,0
2,12/1/2023 1:01,12/1/2023 1:14,2,2.61,1,N,230,140,1,14.9,1,0.5,3.98,0,1,23.88,2.5,0
1,12/1/2023 1:26,12/1/2023 1:34,1,1.5,1,N,41,116,2,10,3.5,0.5,0,0,1,15,2.5,0
1,12/1/2023 1:54,12/1/2023 2:02,1,1.8,1,N,142,151,1,11.4,3.5,0.5,4.9,0,1,21.3,2.5,0
2,12/1/2023 1:10,12/1/2023 1:22,1,3.35,1,N,233,239,1,16.3,1,0.5,4.26,0,1,25.56,2.5,0
2,12/1/2023 1:46,12/1/2023 1:54,2,1.62,1,N,148,79,1,10,1,0.5,1.5,0,1,16.5,2.5,0
2,12/1/2023 1:26,12/1/2023 1:41,1,3.25,1,N,114,48,1,17.7,1,0.5,2.27,0,1,24.97,2.5,0
1,12/1/2023 1:54,12/1/2023 2:03,1,4,1,N,263,69,2,17,1,0.5,0,0,1,19.5,0,0
1,12/1/2023 1:07,12/1/2023 1:11,3,1.3,1,N,264,137,1,7.9,3.5,0.5,2.55,0,1,15.45,2.5,0
1,12/1/2023 1:34,12/1/2023 2:11,1,9.5,1,N,161,61,1,46.4,3.5,0.5,4.5,0,1,55.9,2.5,0
1,12/1/2023 1:34,12/1/2023 1:35,0,0.4,1,N,50,230,2,4.4,3.5,0.5,0,0,1,9.4,2.5,0
1,12/1/2023 1:00,12/1/2023 1:13,2,2.1,1,N,158,148,1,12.1,3.5,0.5,3,0,1,20.1,2.5,0
1,12/1/2023 1:55,12/1/2023 2:07,1,2.9,1,N,249,229,1,15.6,3.5,0.5,5.15,0,1,25.75,2.5,0
1,12/1/2023 1:07,12/1/2023 1:19,1,2.5,1,N,249,68,1,14.2,3.5,0.5,4.8,0,1,24,2.5,0
2,12/1/2023 1:18,12/1/2023 1:27,1,1.18,1,N,230,50,1,9.3,1,0.5,2.86,0,1,17.16,2.5,0
2,12/1/2023 1:32,12/1/2023 2:18,1,11.59,1,N,48,225,1,54.1,1,0.5,11.82,0,1,70.92,2.5,0
2,12/1/2023 1:21,12/1/2023 1:32,1,1.58,1,N,107,211,1,12.1,1,0.5,0,0,1,17.1,2.5,0
2,12/1/2023 1:32,12/1/2023 1:41,1,1.06,1,N,211,148,1,10,1,0.5,3,0,1,18,2.5,0
2,12/1/2023 1:12,12/1/2023 1:31,1,6.28,1,N,164,33,1,28.9,1,0.5,6.78,0,1,40.68,2.5,0
2,12/1/2023 1:47,12/1/2023 2:16,1,18.84,1,N,87,63,1,70.9,1,0.5,15.18,0,1,91.08,2.5,0
2,12/1/2023 1:04,12/1/2023 1:11,1,1.08,1,N,230,142,2,8.6,1,0.5,0,0,1,13.6,2.5,0
2,12/1/2023 1:25,12/1/2023 1:48,1,5.43,1,N,186,226,2,26.8,1,0.5,0,0,1,31.8,2.5,0
2,12/1/2023 1:14,12/1/2023 1:26,1,2.46,1,N,229,90,2,14.2,1,0.5,0,0,1,19.2,2.5,0
1,12/1/2023 1:10,12/1/2023 1:24,1,5.3,1,N,229,209,1,24,3.5,0.5,3,0,1,32,2.5,0
1,12/1/2023 1:58,12/1/2023 2:07,1,2.3,1,N,114,230,2,12.1,3.5,0.5,0,0,1,17.1,2.5,0
1,12/1/2023 1:06,12/1/2023 1:33,1,5.7,1,N,234,255,1,28.2,3.5,0.5,6.6,0,1,39.8,2.5,0
2,12/1/2023 1:11,12/1/2023 1:19,4,1.75,1,N,43,230,1,10.7,1,0.5,3.14,0,1,18.84,2.5,0
2,12/1/2023 1:31,12/1/2023 1:42,4,3.03,1,N,170,143,1,14.9,1,0.5,3.98,0,1,23.88,2.5,0
2,12/1/2023 1:10,12/1/2023 1:32,6,7.69,1,N,249,41,1,33.8,1,0.5,11.64,0,1,50.44,2.5,0
2,12/1/2023 1:03,12/1/2023 1:09,5,1.45,1,N,48,143,1,9.3,1,0.5,5,0,1,19.3,2.5,0
2,12/1/2023 1:05,12/1/2023 1:20,1,4.83,1,N,148,237,1,22.6,1,0.5,2,0,1,29.6,2.5,0
2,12/1/2023 1:49,12/1/2023 2:32,4,10.1,1,N,4,161,1,49.9,1,0.5,16.47,0,1,71.37,2.5,0
2,12/1/2023 1:30,12/1/2023 1:47,1,5.23,1,N,237,236,1,23.3,1,0.5,99,0,1,127.3,2.5,0
1,12/1/2023 1:06,12/1/2023 1:12,1,1.1,1,N,79,107,1,7.9,3.5,0.5,2.55,0,1,15.45,2.5,0
1,12/1/2023 1:12,12/1/2023 1:29,1,5.7,1,N,107,238,1,25.4,3.5,0.5,0,0,1,30.4,2.5,0
2,12/1/2023 1:16,12/1/2023 1:27,1,2.65,1,N,48,234,1,14.2,1,0.5,3.84,0,1,23.04,2.5,0
2,12/1/2023 1:44,12/1/2023 1:50,1,1.46,1,N,48,68,1,9.3,1,0.5,2.86,0,1,17.16,2.5,0
2,12/1/2023 1:03,12/1/2023 1:10,2,1.48,1,N,68,107,1,9.3,1,0.5,2.86,0,1,17.16,2.5,0
2,12/1/2023 1:26,12/1/2023 1:34,2,1.04,1,N,113,113,1,8.6,1,0.5,4.08,0,1,17.68,2.5,0
2,12/1/2023 1:38,12/1/2023 1:56,2,3.97,1,N,249,256,1,20.5,1,0.5,5.1,0,1,30.6,2.5,0
2,12/1/2023 1:32,12/1/2023 1:41,4,1.56,1,N,261,144,1,10.7,1,0.5,3,0,1,18.7,2.5,0
2,12/1/2023 1:45,12/1/2023 1:55,1,2.65,1,N,148,246,2,14.2,1,0.5,0,0,1,19.2,2.5,0
2,12/1/2023 1:30,12/1/2023 1:44,2,2.35,1,N,148,68,1,14.9,1,0.5,0,0,1,19.9,2.5,0
2,12/1/2023 1:05,12/1/2023 1:15,2,1.67,1,N,230,229,1,12.1,1,0.5,3,0,1,20.1,2.5,0
2,12/1/2023 0:59,12/1/2023 1:08,5,2.14,1,N,164,141,1,12.1,1,0.5,3.42,0,1,20.52,2.5,0
2,12/1/2023 1:35,12/1/2023 1:37,5,0.58,1,N,162,237,1,5.1,1,0.5,3.03,0,1,13.13,2.5,0
2,12/1/2023 1:14,12/1/2023 1:18,1,0.5,1,N,107,79,1,5.8,1,0.5,1.5,0,1,12.3,2.5,0
1,12/1/2023 1:32,12/1/2023 1:45,1,2.9,1,N,114,230,1,16.3,3.5,0.5,4.25,0,1,25.55,2.5,0
1,12/1/2023 1:54,12/1/2023 2:03,1,1.6,1,N,163,164,2,10.7,3.5,0.5,0,0,1,15.7,2.5,0
1,12/1/2023 1:45,12/1/2023 1:50,1,0.6,1,N,113,148,1,6.5,3.5,0.5,0.5,0,1,12,2.5,0
1,12/1/2023 1:51,12/1/2023 1:57,2,0.9,1,N,148,231,1,7.9,3.5,0.5,1,0,1,13.9,2.5,0
2,12/1/2023 1:09,12/1/2023 1:29,1,3.86,1,N,114,50,1,21.9,1,0.5,3,0,1,29.9,2.5,0
1,12/1/2023 1:05,12/1/2023 1:16,1,3.5,1,N,162,264,1,17,3.5,0.5,1,0,1,23,2.5,0
2,12/1/2023 1:17,12/1/2023 1:26,1,2.59,1,N,25,61,1,13.5,1,0.5,4,0,1,20,0,0
2,12/1/2023 1:06,12/1/2023 1:13,2,1.13,1,N,142,48,1,8.6,1,0.5,2.72,0,1,16.32,2.5,0
2,12/1/2023 1:17,12/1/2023 1:28,1,1.84,1,N,158,144,1,12.1,1,0.5,3.42,0,1,20.52,2.5,0
2,12/1/2023 1:07,12/1/2023 1:22,5,3.35,1,N,113,48,1,17.7,1,0.5,4.54,0,1,27.24,2.5,0
2,12/1/2023 1:27,12/1/2023 1:32,5,0.83,1,N,48,143,1,7.2,1,0.5,2.44,0,1,14.64,2.5,0
2,12/1/2023 1:04,12/1/2023 1:12,1,1.25,1,N,79,249,1,9.3,1,0.5,1,0,1,15.3,2.5,0
2,12/1/2023 1:02,12/1/2023 1:26,6,9.09,1,N,170,95,1,38.7,1,0.5,2,6.94,1,52.64,2.5,0
2,12/1/2023 1:10,12/1/2023 1:15,1,0.63,1,N,162,237,1,6.5,1,0.5,2.3,0,1,13.8,2.5,0
2,12/1/2023 1:39,12/1/2023 1:47,1,2.45,1,N,79,162,1,12.1,1,0.5,1,0,1,18.1,2.5,0
1,12/1/2023 1:06,12/1/2023 1:28,1,4.5,1,N,229,260,1,26.1,3.5,0.5,6.2,0,1,37.3,2.5,0
2,12/1/2023 1:04,12/1/2023 1:10,2,0.62,1,N,263,237,1,7.2,1,0.5,3.05,0,1,15.25,2.5,0
2,12/1/2023 1:27,12/1/2023 1:34,1,1.39,1,N,48,90,1,9.3,1,0.5,2.86,0,1,17.16,2.5,0
1,12/1/2023 1:15,12/1/2023 1:40,1,7.4,1,N,229,255,1,31.7,3.5,0.5,7.3,0,1,44,2.5,0
2,12/1/2023 1:38,12/1/2023 1:45,1,2.35,1,N,211,164,1,11.4,1,0.5,1.58,0,1,17.98,2.5,0
1,12/1/2023 1:33,12/1/2023 1:40,2,1.1,1,N,230,164,1,8.6,3.5,0.5,2.7,0,1,16.3,2.5,0
2,12/1/2023 1:44,12/1/2023 1:44,1,0,5,N,265,265,1,150,0,0,30.2,0,1,181.2,0,0
2,12/1/2023 1:01,12/1/2023 1:10,1,2.68,1,N,79,230,1,12.8,1,0.5,5.34,0,1,23.14,2.5,0
2,12/1/2023 1:19,12/1/2023 1:25,1,1.33,1,N,48,170,2,8.6,1,0.5,0,0,1,13.6,2.5,0
2,12/1/2023 1:26,12/1/2023 1:36,1,2.77,1,N,170,236,1,13.5,1,0.5,5,0,1,23.5,2.5,0
1,12/1/2023 1:08,12/1/2023 1:10,1,0.6,1,N,79,107,1,5.1,3.5,0.5,2,0,1,12.1,2.5,0
2,12/1/2023 1:34,12/1/2023 1:37,1,0.55,1,N,230,48,1,5.1,1,0.5,3,0,1,13.1,2.5,0
2,12/1/2023 1:47,12/1/2023 2:01,1,1.46,1,N,48,230,2,13.5,1,0.5,0,0,1,18.5,2.5,0
1,12/1/2023 1:13,12/1/2023 1:37,1,3.7,1,N,249,233,1,20.5,3.5,0.5,5.1,0,1,30.6,2.5,0
2,12/1/2023 1:37,12/1/2023 1:40,1,0.74,1,N,137,164,1,5.8,1,0.5,0,0,1,10.8,2.5,0
2,12/1/2023 1:44,12/1/2023 1:54,1,3.07,1,N,186,261,2,14.2,1,0.5,0,0,1,19.2,2.5,0
2,12/1/2023 1:57,12/1/2023 2:23,1,13.01,1,N,231,95,2,52.7,1,0.5,0,0,1,57.7,2.5,0
2,12/1/2023 1:37,12/1/2023 1:44,2,2.68,1,N,170,79,1,13.5,1,0.5,3.7,0,1,22.2,2.5,0
2,12/1/2023 1:10,12/1/2023 1:18,1,2.91,1,N,209,232,1,13.5,1,0.5,3.7,0,1,22.2,2.5,0
2,12/1/2023 1:35,12/1/2023 1:50,1,6.53,1,N,179,171,2,27.5,1,0.5,0,0,1,30,0,0
2,12/1/2023 1:33,12/1/2023 1:43,1,2.28,1,N,137,144,1,13.5,1,0.5,3.7,0,1,22.2,2.5,0
2,12/1/2023 1:15,12/1/2023 1:23,1,1.57,1,N,161,164,1,9.3,1,0.5,2.86,0,1,17.16,2.5,0
2,12/1/2023 1:01,12/1/2023 1:13,1,3.73,1,N,148,141,1,17,1,0.5,4.4,0,1,26.4,2.5,0
2,12/1/2023 1:25,12/1/2023 1:44,1,3.42,1,N,107,262,2,17,1,0.5,0,0,1,22,2.5,0
1,12/1/2023 1:21,12/1/2023 1:34,1,2,1,N,164,148,1,11.4,3.5,0.5,1,0,1,17.4,2.5,0
2,12/1/2023 1:34,12/1/2023 1:45,1,3.93,1,N,79,262,1,17.7,1,0.5,1,0,1,23.7,2.5,0
2,12/1/2023 1:47,12/1/2023 1:59,1,2.25,1,N,262,239,1,14.2,1,0.5,2.88,0,1,22.08,2.5,0
2,12/1/2023 1:13,12/1/2023 1:20,1,1.45,1,N,114,79,1,9.3,1,0.5,1,0,1,15.3,2.5,0
2,12/1/2023 1:32,12/1/2023 1:38,1,0.92,1,N,114,158,1,7.9,1,0.5,2.58,0,1,15.48,2.5,0
2,12/1/2023 1:01,12/1/2023 1:42,1,8.39,5,N,249,265,1,55,0,0,0,12.75,1,68.75,0,0
2,12/1/2023 1:20,12/1/2023 1:22,2,0.64,1,N,229,141,1,5.1,1,0.5,2.02,0,1,12.12,2.5,0
2,12/1/2023 1:09,12/1/2023 1:28,2,2.91,1,N,158,137,1,19.1,1,0.5,4.82,0,1,28.92,2.5,0
2,12/1/2023 1:33,12/1/2023 1:54,2,6.07,1,N,142,42,1,28.2,1,0.5,6.64,0,1,39.84,2.5,0
2,12/1/2023 1:10,12/1/2023 1:36,1,7.77,1,N,246,52,1,34.5,1,0.5,9.88,0,1,49.38,2.5,0
1,12/1/2023 1:29,12/1/2023 1:41,1,1.3,1,N,45,79,1,11.4,3.5,0.5,3.25,0,1,19.65,2.5,0
2,12/1/2023 1:05,12/1/2023 1:09,1,0.88,1,N,170,162,1,5.8,1,0.5,2.16,0,1,12.96,2.5,0
2,12/1/2023 1:11,12/1/2023 1:15,1,1.45,1,N,162,234,1,7.9,1,0.5,2.58,0,1,15.48,2.5,0
2,12/1/2023 1:28,12/1/2023 1:36,1,2.08,1,N,170,79,1,11.4,1,0.5,3.28,0,1,19.68,2.5,0
2,12/1/2023 1:25,12/1/2023 1:43,1,5.29,1,N,68,41,1,23.3,1,0.5,3,0,1,31.3,2.5,0
2,12/1/2023 1:55,12/1/2023 2:06,1,3.32,1,N,239,158,1,16.3,1,0.5,4.26,0,1,25.56,2.5,0
1,12/1/2023 1:28,12/1/2023 1:36,1,1.7,1,N,141,75,2,10,3.5,0.5,0,0,1,15,2.5,0
1,12/1/2023 1:22,12/1/2023 1:30,1,1.8,1,N,164,142,1,11.4,3.5,0.5,3.25,0,1,19.65,2.5,0
2,12/1/2023 1:39,12/1/2023 1:43,1,0.54,1,N,162,230,2,5.8,1,0.5,0,0,1,10.8,2.5,0
2,12/1/2023 1:09,12/1/2023 1:12,3,0.57,1,N,237,236,1,5.8,1,0.5,0.54,0,1,11.34,2.5,0
2,12/1/2023 1:15,12/1/2023 1:18,1,0.82,1,N,236,162,1,5.8,1,0.5,2.16,0,1,12.96,2.5,0
2,12/1/2023 1:23,12/1/2023 1:27,1,0.91,1,N,141,233,1,6.5,1,0.5,1,0,1,12.5,2.5,0
2,12/1/2023 1:01,12/1/2023 1:11,1,2.83,1,N,114,229,1,13.5,1,0.5,3,0,1,21.5,2.5,0
2,12/1/2023 1:26,12/1/2023 1:32,1,0.7,1,N,113,148,4,-7.2,-1,-0.5,0,0,-1,-12.2,-2.5,0
2,12/1/2023 1:26,12/1/2023 1:32,1,0.7,1,N,113,148,4,7.2,1,0.5,0,0,1,12.2,2.5,0
2,12/1/2023 1:34,12/1/2023 1:47,1,2.16,1,N,148,261,1,14.2,1,0.5,1.92,0,1,21.12,2.5,0
2,12/1/2023 1:55,12/1/2023 2:04,1,2.03,1,N,231,90,1,12.1,1,0.5,4.28,0,1,21.38,2.5,0
1,12/1/2023 1:23,12/1/2023 1:26,1,0.6,1,N,79,148,1,5.1,3.5,0.5,4,0,1,14.1,2.5,0
1,12/1/2023 1:38,12/1/2023 1:45,1,1.8,1,N,107,229,1,10,3.5,0.5,3,0,1,18,2.5,0
2,12/1/2023 1:45,12/1/2023 2:08,1,5.66,1,N,249,238,1,28.9,1,0.5,10.17,0,1,44.07,2.5,0
1,12/1/2023 1:42,12/1/2023 1:45,1,1,1,N,48,90,1,6.5,3.5,0.5,1.5,0,1,13,2.5,0
2,12/1/2023 1:39,12/1/2023 1:49,1,2.43,1,N,229,142,1,12.8,1,0.5,3.56,0,1,21.36,2.5,0
2,12/1/2023 1:30,12/1/2023 1:34,2,0.95,1,N,231,158,1,6.5,1,0.5,2.3,0,1,13.8,2.5,0
2,12/1/2023 1:06,12/1/2023 1:19,1,2.02,1,N,246,211,1,13.5,1,0.5,1.81,0,1,20.31,2.5,0
2,12/1/2023 1:29,12/1/2023 1:34,1,0.81,1,N,90,246,1,6.5,1,0.5,2.88,0,1,14.38,2.5,0
2,12/1/2023 1:03,12/1/2023 1:11,1,1.65,1,N,68,161,1,10,1,0.5,1,0,1,16,2.5,0
2,12/1/2023 1:22,12/1/2023 1:29,1,2.36,1,N,141,238,1,12.1,1,0.5,1,0,1,18.1,2.5,0
2,12/1/2023 1:06,12/1/2023 1:16,1,2.24,1,N,231,90,1,12.8,1,0.5,3.56,0,1,21.36,2.5,0
2,12/1/2023 1:22,12/1/2023 1:26,1,1.23,1,N,141,141,1,7.9,1,0.5,2.58,0,1,15.48,2.5,0
2,12/1/2023 1:29,12/1/2023 1:31,1,0.43,1,N,237,236,1,5.1,1,0.5,2,0,1,12.1,2.5,0
2,12/1/2023 1:25,12/1/2023 1:50,4,5.47,5,N,114,255,1,30,0,0,6,0,1,39.5,2.5,0
1,12/1/2023 1:07,12/1/2023 1:20,1,3,1,N,229,238,1,16.3,3.5,0.5,4.25,0,1,25.55,2.5,0
1,12/1/2023 1:31,12/1/2023 1:44,1,1.9,1,N,48,170,2,13.5,3.5,0.5,0,0,1,18.5,2.5,0
2,12/1/2023 1:29,12/1/2023 2:10,1,17.44,4,N,186,265,2,70.9,1,0.5,0,0,1,75.9,2.5,0
2,12/1/2023 0:58,12/1/2023 1:03,1,1.04,1,N,234,68,1,7.2,1,0.5,2.44,0,1,14.64,2.5,0
2,12/1/2023 1:54,12/1/2023 2:04,1,2.4,1,N,148,170,1,13.5,1,0.5,3.7,0,1,22.2,2.5,0
2,12/1/2023 1:10,12/1/2023 1:16,1,0.96,1,N,249,125,1,7.9,1,0.5,3.23,0,1,16.13,2.5,0
2,12/1/2023 1:24,12/1/2023 1:33,1,1.82,1,N,249,246,1,11.4,1,0.5,3.28,0,1,19.68,2.5,0
2,12/1/2023 1:05,12/1/2023 1:13,1,1.46,1,N,164,161,1,10,1,0.5,3,0,1,18,2.5,0
2,12/1/2023 1:28,12/1/2023 1:57,1,6.16,5,N,100,265,1,40,0,0,0,12.75,1,53.75,0,0
2,12/1/2023 1:12,12/1/2023 1:25,1,2.88,1,N,236,164,1,17,1,0.5,5.5,0,1,27.5,2.5,0
2,12/1/2023 1:06,12/1/2023 1:09,2,0.44,1,N,114,144,1,5.1,1,0.5,1,0,1,11.1,2.5,0
2,12/1/2023 1:12,12/1/2023 1:17,2,0.59,1,N,114,144,1,6.5,1,0.5,2.3,0,1,13.8,2.5,0
2,12/1/2023 1:33,12/1/2023 1:48,2,2.32,1,N,158,148,1,15.6,1,0.5,4.12,0,1,24.72,2.5,0
2,12/1/2023 1:20,12/1/2023 1:37,2,5.94,1,N,230,42,1,26.8,1,0.5,6.36,0,1,38.16,2.5,0
2,12/1/2023 1:10,12/1/2023 1:13,1,0.73,1,N,48,246,1,5.8,1,0.5,1,0,1,11.8,2.5,0
2,12/1/2023 1:17,12/1/2023 1:21,1,0.67,1,N,246,100,2,6.5,1,0.5,0,0,1,11.5,2.5,0
2,12/1/2023 1:42,12/1/2023 1:50,1,1.95,1,N,148,170,1,10.7,1,0.5,2,0,1,17.7,2.5,0
2,12/1/2023 1:54,12/1/2023 1:57,1,0.19,1,N,164,164,1,5.1,1,0.5,2.02,0,1,12.12,2.5,0
2,12/1/2023 1:09,12/1/2023 1:14,1,0.8,1,N,237,236,1,7.2,1,0.5,2.44,0,1,14.64,2.5,0
2,12/1/2023 1:46,12/1/2023 1:54,1,1.44,1,N,100,161,1,9.3,1,0.5,2.86,0,1,17.16,2.5,0
2,12/1/2023 1:55,12/1/2023 2:03,1,1.43,1,N,161,48,2,10,1,0.5,0,0,1,15,2.5,0
2,12/1/2023 1:15,12/1/2023 1:45,2,9.37,1,N,164,126,1,42.2,1,0.5,0,0,1,47.2,2.5,0
2,12/1/2023 1:29,12/1/2023 1:44,3,3.41,1,N,249,87,1,17.7,1,0.5,4.54,0,1,27.24,2.5,0
2,12/1/2023 1:24,12/1/2023 1:32,6,1.04,1,N,249,107,1,8.6,1,0.5,2.72,0,1,16.32,2.5,0
2,12/1/2023 1:52,12/1/2023 1:55,1,0.64,1,N,140,141,1,5.1,1,0.5,2.02,0,1,12.12,2.5,0
1,12/1/2023 1:21,12/1/2023 1:33,1,1.7,1,N,163,170,1,12.8,3.5,0.5,2,0,1,19.8,2.5,0
1,12/1/2023 1:12,12/1/2023 1:29,2,4.3,1,N,231,162,1,21.9,3.5,0.5,5.35,0,1,32.25,2.5,0
1,12/1/2023 1:44,12/1/2023 1:51,4,1.2,1,N,148,4,1,9.3,3.5,0.5,2.85,0,1,17.15,2.5,0
2,12/1/2023 1:32,12/1/2023 1:36,1,0.7,1,N,164,68,1,6.5,1,0.5,2.3,0,1,13.8,2.5,0
2,12/1/2023 1:14,12/1/2023 1:29,1,1.65,1,N,158,144,1,14.2,1,0.5,5,0,1,24.2,2.5,0
2,12/1/2023 1:09,12/1/2023 1:15,1,0.96,1,N,249,79,1,7.9,1,0.5,2.58,0,1,15.48,2.5,0
1,12/1/2023 1:29,12/1/2023 1:35,2,1,1,N,148,231,2,7.9,3.5,0.5,0,0,1,12.9,2.5,0
1,12/1/2023 1:38,12/1/2023 1:42,2,0.4,1,N,231,125,1,5.8,3.5,0.5,2.15,0,1,12.95,2.5,0
2,12/1/2023 1:12,12/1/2023 1:16,1,0.17,1,N,164,164,1,5.1,1,0.5,1,0,1,11.1,2.5,0
2,12/1/2023 1:17,12/1/2023 1:22,2,1.48,1,N,164,249,1,8.6,1,0.5,2.72,0,1,16.32,2.5,0
2,12/1/2023 1:36,12/1/2023 1:44,1,1.77,1,N,164,158,1,10.7,1,0.5,3.14,0,1,18.84,2.5,0
2,12/1/2023 1:01,12/1/2023 1:06,1,0.99,1,N,170,162,1,7.2,1,0.5,2,0,1,14.2,2.5,0
2,12/1/2023 1:07,12/1/2023 1:15,1,1.27,1,N,234,230,1,9.3,1,0.5,1,0,1,15.3,2.5,0
2,12/1/2023 1:36,12/1/2023 1:42,1,0.71,1,N,170,234,1,7.2,1,0.5,3.05,0,1,15.25,2.5,0
2,12/1/2023 1:11,12/1/2023 1:26,1,3.47,1,N,230,231,1,17.7,1,0.5,4.54,0,1,27.24,2.5,0
2,12/1/2023 1:32,12/1/2023 1:40,1,1.26,1,N,231,261,1,9.3,1,0.5,2.86,0,1,17.16,2.5,0
2,12/1/2023 1:41,12/1/2023 1:56,1,2.89,1,N,261,107,1,17.7,1,0.5,2.72,0,1,25.42,2.5,0
2,12/1/2023 1:13,12/1/2023 1:19,1,1.56,1,N,79,233,1,9.3,1,0.5,3.58,0,1,17.88,2.5,0
2,12/1/2023 1:31,12/1/2023 1:42,2,1.36,1,N,164,186,1,11.4,1,0.5,3.28,0,1,19.68,2.5,0
2,12/1/2023 1:59,12/1/2023 2:07,2,1.41,1,N,100,163,1,10,1,0.5,1,0,1,16,2.5,0
2,12/1/2023 1:44,12/1/2023 2:14,1,9.81,1,N,164,243,2,43.6,1,0.5,0,0,1,48.6,2.5,0
2,12/1/2023 1:37,12/1/2023 1:46,1,3.66,1,N,170,238,1,15.6,1,0.5,6.18,0,1,26.78,2.5,0
2,12/1/2023 1:23,12/1/2023 1:29,2,0.96,1,N,79,4,1,7.2,1,0.5,2.44,0,1,14.64,2.5,0
2,12/1/2023 1:40,12/1/2023 1:45,1,1.28,1,N,234,170,1,7.2,1,0.5,2.44,0,1,14.64,2.5,0
2,12/1/2023 1:52,12/1/2023 1:57,1,1.26,1,N,162,141,1,8.6,1,0.5,2.72,0,1,16.32,2.5,0
2,12/1/2023 1:59,12/1/2023 2:06,1,1.4,1,N,141,142,1,9.3,1,0.5,2.86,0,1,17.16,2.5,0
1,12/1/2023 1:22,12/1/2023 1:30,1,1.2,1,N,158,246,1,9.3,3.5,0.5,2.85,0,1,17.15,2.5,0
1,12/1/2023 1:33,12/1/2023 1:58,1,5.6,1,N,246,112,2,28.2,3.5,0.5,0,0,1,33.2,2.5,0
2,12/1/2023 1:06,12/1/2023 1:22,1,3.41,1,N,114,50,1,18.4,1,0.5,4.68,0,1,28.08,2.5,0
2,12/1/2023 1:17,12/1/2023 1:34,1,3.75,1,N,48,146,2,19.8,1,0.5,0,0,1,24.8,2.5,0
2,12/1/2023 1:29,12/1/2023 1:45,2,5.11,1,N,88,48,1,24,1,0.5,5.8,0,1,34.8,2.5,0
2,12/1/2023 1:50,12/1/2023 2:06,2,4.08,1,N,142,144,1,20.5,1,0.5,5.1,0,1,30.6,2.5,0
2,12/1/2023 0:51,12/1/2023 1:01,5,2.41,1,N,144,256,1,12.8,1,0.5,1.78,0,1,19.58,2.5,0
2,12/1/2023 1:04,12/1/2023 1:32,1,6.95,1,N,161,255,1,35.2,1,0.5,8.04,0,1,48.24,2.5,0
2,12/1/2023 1:18,12/1/2023 1:27,1,2.07,1,N,249,48,1,12.1,1,0.5,20,0,1,37.1,2.5,0
2,12/1/2023 1:34,12/1/2023 1:38,1,0.81,1,N,100,170,2,6.5,1,0.5,0,0,1,11.5,2.5,0
2,12/1/2023 1:45,12/1/2023 1:52,1,1.1,1,N,234,158,1,9.3,1,0.5,1.5,0,1,15.8,2.5,0
2,12/1/2023 1:01,12/1/2023 1:06,1,0.73,1,N,249,90,1,7.2,1,0.5,2.44,0,1,14.64,2.5,0
2,12/1/2023 1:40,12/1/2023 1:51,1,2.64,1,N,114,162,1,14.9,1,0.5,3.98,0,1,23.88,2.5,0
2,12/1/2023 1:21,12/1/2023 1:30,1,2.06,1,N,249,4,2,12.1,1,0.5,0,0,1,17.1,2.5,0
2,12/1/2023 1:51,12/1/2023 1:53,1,0.48,1,N,246,246,1,4.4,1,0.5,1.88,0,1,11.28,2.5,0
2,12/1/2023 1:58,12/1/2023 2:08,1,2.2,1,N,246,246,1,12.1,1,0.5,1,0,1,18.1,2.5,0
2,12/1/2023 1:01,12/1/2023 1:16,1,3.45,1,N,164,262,1,18.4,1,0.5,5.85,0,1,29.25,2.5,0
2,12/1/2023 1:03,12/1/2023 1:13,1,1.4,1,N,114,79,1,10.7,1,0.5,1,0,1,16.7,2.5,0
2,12/1/2023 1:27,12/1/2023 1:43,1,2.56,1,N,114,231,1,17,1,0.5,4.4,0,1,26.4,2.5,0
2,12/1/2023 1:53,12/1/2023 1:57,1,0.75,1,N,231,87,1,5.8,1,0.5,2.16,0,1,12.96,2.5,0
2,12/1/2023 1:08,12/1/2023 1:19,2,1.93,1,N,114,79,1,12.8,1,0.5,0,0,1,17.8,2.5,0
2,12/1/2023 1:36,12/1/2023 1:52,2,2.62,1,N,148,68,2,17,1,0.5,0,0,1,22,2.5,0
2,12/1/2023 1:13,12/1/2023 1:15,1,0.62,1,N,142,239,1,5.1,1,0.5,2,0,1,12.1,2.5,0
2,12/1/2023 1:09,12/1/2023 1:13,1,0.72,1,N,100,186,2,6.5,1,0.5,0,0,1,11.5,2.5,0
2,12/1/2023 1:56,12/1/2023 2:28,1,12.6,1,N,164,22,2,53.4,1,0.5,0,0,1,58.4,2.5,0
2,12/1/2023 1:01,12/1/2023 1:10,1,1.37,1,N,148,249,1,10,1,0.5,3,0,1,18,2.5,0
2,12/1/2023 1:31,12/1/2023 1:43,1,3.71,1,N,43,226,2,18.4,1,0.5,0,0,1,23.4,2.5,0
2,12/1/2023 1:08,12/1/2023 1:22,4,2.8,1,N,249,162,2,16.3,1,0.5,0,0,1,21.3,2.5,0
1,12/1/2023 1:18,12/1/2023 1:24,1,0.6,1,N,79,249,1,6.5,3.5,0.5,2.9,0,1,14.4,2.5,0
1,12/1/2023 1:20,12/1/2023 1:29,1,2.1,1,N,79,162,1,12.1,3.5,0.5,0,0,1,17.1,2.5,0
1,12/1/2023 1:48,12/1/2023 1:55,4,1.6,1,N,114,186,1,10,3.5,0.5,0,0,1,15,2.5,0
2,12/1/2023 1:32,12/1/2023 1:46,1,3.19,1,N,142,263,1,17.7,1,0.5,4.54,0,1,27.24,2.5,0
2,12/1/2023 1:20,12/1/2023 1:25,1,0.86,1,N,230,162,1,7.2,1,0.5,2.44,0,1,14.64,2.5,0
2,12/1/2023 1:50,12/1/2023 2:01,2,2.18,1,N,158,144,1,12.8,1,0.5,3.56,0,1,21.36,2.5,0
2,12/1/2023 1:09,12/1/2023 1:24,1,6.37,1,N,48,116,2,28.2,1,0.5,0,0,1,33.2,2.5,0
1,12/1/2023 1:13,12/1/2023 1:29,1,4.3,1,N,249,236,1,20.5,3.5,0.5,5.1,0,1,30.6,2.5,0
2,12/1/2023 1:01,12/1/2023 1:08,1,1.88,1,N,229,262,1,10.7,1,0.5,5,0,1,20.7,2.5,0
2,12/1/2023 1:25,12/1/2023 1:34,1,1.39,1,N,48,162,1,10,1,0.5,3,0,1,18,2.5,0
2,12/1/2023 1:46,12/1/2023 1:54,2,0.93,1,N,107,186,1,9.3,1,0.5,2.86,0,1,17.16,2.5,0
2,12/1/2023 1:56,12/1/2023 2:03,1,1.53,1,N,186,48,1,10,1,0.5,3,0,1,18,2.5,0
1,12/1/2023 1:06,12/1/2023 1:09,0,0.5,1,N,114,79,1,5.8,3.5,0.5,2,0,1,12.8,2.5,0
1,12/1/2023 1:14,12/1/2023 1:36,0,4.7,1,N,4,189,1,26.1,3.5,0.5,6.2,0,1,37.3,2.5,0
2,12/1/2023 1:13,12/1/2023 1:18,3,0.55,1,N,231,125,1,6.5,1,0.5,2.3,0,1,13.8,2.5,0
2,12/1/2023 1:21,12/1/2023 1:39,1,5.12,1,N,125,140,1,24,1,0.5,2,0,1,31,2.5,0
1,12/1/2023 1:26,12/1/2023 1:49,1,8.1,1,N,48,243,1,33.8,3.5,0.5,6.98,0,1,45.78,2.5,0
2,12/1/2023 1:04,12/1/2023 1:08,1,1.01,1,N,79,232,1,6.5,1,0.5,2.3,0,1,13.8,2.5,0
2,12/1/2023 1:10,12/1/2023 1:15,1,1.03,1,N,232,148,1,7.2,1,0.5,0,0,1,12.2,2.5,0
1,12/1/2023 1:37,12/1/2023 1:44,3,1.2,1,N,144,113,1,8.6,3.5,0.5,2.7,0,1,16.3,2.5,0
2,12/1/2023 1:49,12/1/2023 1:57,2,1.31,1,N,246,234,2,10.7,1,0.5,0,0,1,15.7,2.5,0
2,12/1/2023 1:17,12/1/2023 1:48,1,6.96,1,N,113,50,1,35.2,1,0.5,2,0,1,42.2,2.5,0
2,12/1/2023 1:50,12/1/2023 1:59,1,1.4,1,N,50,162,1,10,1,0.5,0,0,1,15,2.5,0
2,12/1/2023 1:09,12/1/2023 1:28,1,4.65,1,N,50,87,1,23.3,1,0.5,2,0,1,30.3,2.5,0
2,12/1/2023 1:17,12/1/2023 1:35,1,5.98,1,N,148,198,1,26.1,1,0.5,0,0,1,31.1,2.5,0
1,12/1/2023 1:05,12/1/2023 1:09,1,0.8,1,N,107,170,1,6.5,3.5,0.5,2.9,0,1,14.4,2.5,0
2,12/1/2023 1:09,12/1/2023 1:15,2,2.2,1,N,142,166,1,10.7,1,0.5,2.36,0,1,18.06,2.5,0
2,12/1/2023 1:19,12/1/2023 1:26,1,1.65,1,N,151,142,1,10,1,0.5,1,0,1,16,2.5,0
2,12/1/2023 1:52,12/1/2023 1:58,1,1.29,1,N,158,246,1,8.6,1,0.5,2.72,0,1,16.32,2.5,0
2,12/1/2023 1:17,12/1/2023 1:26,1,3.4,1,N,79,140,1,14.9,1,0.5,3.98,0,1,23.88,2.5,0
2,12/1/2023 1:29,12/1/2023 1:34,1,1.18,1,N,140,236,1,7.9,1,0.5,2.58,0,1,15.48,2.5,0
2,12/1/2023 1:28,12/1/2023 1:35,6,1.68,1,N,90,161,1,10,1,0.5,2.25,0,1,17.25,2.5,0
2,12/1/2023 1:56,12/1/2023 2:00,6,0.95,1,N,114,249,1,6.5,1,0.5,3.45,0,1,14.95,2.5,0
2,12/1/2023 1:00,12/1/2023 1:17,1,3.58,1,N,107,50,1,20.5,1,0.5,4.59,0,1,30.09,2.5,0
2,12/1/2023 1:22,12/1/2023 1:34,1,3.88,1,N,50,41,2,17.7,1,0.5,0,0,1,22.7,2.5,0
2,12/1/2023 1:35,12/1/2023 1:36,1,0,5,N,41,41,1,23,0,0,2,0,1,26,0,0
2,12/1/2023 1:50,12/1/2023 2:01,1,2.72,1,N,43,170,2,14.2,1,0.5,0,0,1,19.2,2.5,0
2,12/1/2023 1:17,12/1/2023 1:20,1,0.89,1,N,162,170,1,5.8,1,0.5,2.16,0,1,12.96,2.5,0
2,12/1/2023 1:25,12/1/2023 1:35,1,2.23,1,N,113,87,1,12.1,1,0.5,2,0,1,19.1,2.5,0
2,12/1/2023 1:55,12/1/2023 2:16,1,6.18,1,N,114,145,1,28.9,1,0.5,6.78,0,1,40.68,2.5,0
1,12/1/2023 1:37,12/1/2023 1:52,1,5.5,1,N,79,236,1,24.7,3.5,0.5,0,0,1,29.7,2.5,0
2,12/1/2023 1:31,12/1/2023 1:40,1,1.57,1,N,246,48,1,10,1,0.5,2,0,1,17,2.5,0
2,12/1/2023 1:44,12/1/2023 1:52,1,1.22,1,N,230,164,1,9.3,1,0.5,2.86,0,1,17.16,2.5,0
2,12/1/2023 1:56,12/1/2023 2:24,1,7.39,1,N,164,49,1,35.9,1,0.5,6.13,0,1,47.03,2.5,0
2,12/1/2023 1:30,12/1/2023 1:35,2,0.82,1,N,211,113,1,7.2,1,0.5,2,0,1,14.2,2.5,0
2,12/1/2023 1:42,12/1/2023 1:52,1,1.77,1,N,249,107,2,11.4,1,0.5,0,0,1,16.4,2.5,0
2,12/1/2023 1:55,12/1/2023 2:03,1,1.07,1,N,114,211,1,9.3,1,0.5,2.86,0,1,17.16,2.5,0
2,12/1/2023 1:00,12/1/2023 1:09,1,2.39,1,N,144,256,1,12.8,1,0.5,3.56,0,1,21.36,2.5,0
2,12/1/2023 1:30,12/1/2023 1:43,1,4.45,1,N,79,112,1,20.5,1,0.5,5.1,0,1,30.6,2.5,0
2,12/1/2023 1:22,12/1/2023 1:27,1,1.04,1,N,186,90,1,7.9,1,0.5,2.58,0,1,15.48,2.5,0
1,12/1/2023 1:02,12/1/2023 1:09,1,2.8,1,N,164,236,1,12.8,3.5,0.5,3,0,1,20.8,2.5,0
2,12/1/2023 1:06,12/1/2023 1:17,2,1.59,1,N,158,107,1,12.1,1,0.5,3.42,0,1,20.52,2.5,0
2,12/1/2023 1:23,12/1/2023 1:35,4,1.83,1,N,158,79,1,12.8,1,0.5,3.56,0,1,21.36,2.5,0
2,12/1/2023 1:51,12/1/2023 2:00,1,1.27,1,N,148,249,1,9.3,1,0.5,3.58,0,1,17.88,2.5,0
2,12/1/2023 1:03,12/1/2023 1:14,1,2.56,1,N,249,261,1,14.2,1,0.5,3.84,0,1,23.04,2.5,0
2,12/1/2023 1:46,12/1/2023 2:10,1,7.05,1,N,90,62,1,32.4,1,0.5,7.48,0,1,44.88,2.5,0
2,12/1/2023 1:07,12/1/2023 1:10,1,0.7,1,N,100,90,1,5.8,1,0.5,2,0,1,12.8,2.5,0
2,12/1/2023 1:31,12/1/2023 1:42,2,2.51,1,N,158,261,1,13.5,1,0.5,3.7,0,1,22.2,2.5,0
2,12/1/2023 1:03,12/1/2023 1:09,1,0.92,1,N,113,114,1,7.9,1,0.5,2.58,0,1,15.48,2.5,0
2,12/1/2023 1:46,12/1/2023 1:59,1,1.42,1,N,249,4,1,12.1,1,0.5,3.42,0,1,20.52,2.5,0
2,12/1/2023 1:02,12/1/2023 1:09,1,1.13,1,N,100,163,1,8.6,1,0.5,2.72,0,1,16.32,2.5,0
2,12/1/2023 1:18,12/1/2023 1:34,2,3.53,1,N,229,113,1,19.1,1,0.5,4.82,0,1,28.92,2.5,0
2,12/1/2023 1:38,12/1/2023 1:56,1,8.12,1,N,113,42,1,34.5,1,0.5,7.9,0,1,47.4,2.5,0
1,12/1/2023 1:20,12/1/2023 1:50,1,7.3,1,N,48,244,1,36.6,3.5,0.5,6,0,1,47.6,2.5,0
1,12/1/2023 1:03,12/1/2023 1:13,1,1.9,1,N,100,142,1,12.1,3.5,0.5,3.4,0,1,20.5,2.5,0
2,12/1/2023 1:26,12/1/2023 1:34,2,1.29,1,N,148,4,1,9.3,1,0.5,2.86,0,1,17.16,2.5,0
2,12/1/2023 1:53,12/1/2023 2:01,1,1.65,1,N,79,170,1,10.7,1,0.5,3.14,0,1,18.84,2.5,0
2,12/1/2023 1:13,12/1/2023 1:38,1,6.32,1,N,144,238,1,29.6,1,0.5,3,0,1,37.6,2.5,0
2,12/1/2023 1:50,12/1/2023 2:08,1,7.42,1,N,48,244,1,31,1,0.5,7.2,0,1,43.2,2.5,0
1,12/1/2023 1:45,12/1/2023 2:09,1,17.9,2,N,132,148,1,70,4.25,0.5,10,0,1,85.75,2.5,1.75
2,12/1/2023 1:58,12/1/2023 2:05,1,0.83,1,N,163,237,1,8.6,1,0.5,1,0,1,14.6,2.5,0
2,12/1/2023 1:01,12/1/2023 1:12,1,2.18,1,N,158,246,1,13.5,1,0.5,2,0,1,20.5,2.5,0
2,12/1/2023 1:52,12/1/2023 1:55,1,0.6,1,N,158,68,1,5.1,1,0.5,0,0,1,10.1,2.5,0
2,12/1/2023 1:00,12/1/2023 1:08,1,1.39,1,N,114,107,1,10,1,0.5,3,0,1,18,2.5,0
2,12/1/2023 1:50,12/1/2023 2:07,1,3.26,1,N,68,148,1,19.1,1,0.5,4.82,0,1,28.92,2.5,0
2,12/1/2023 1:09,12/1/2023 1:22,1,2.21,1,N,107,141,1,14.2,1,0.5,4.8,0,1,24,2.5,0
2,12/1/2023 1:04,12/1/2023 1:16,1,3,1,N,230,79,1,15.6,1,0.5,2,0,1,22.6,2.5,0
2,12/1/2023 1:01,12/1/2023 1:09,1,1.46,1,N,68,234,1,10,1,0.5,0,0,1,15,2.5,0
2,12/1/2023 1:07,12/1/2023 1:11,1,1.95,1,N,137,232,1,10,1,0.5,3,0,1,18,2.5,0
2,12/1/2023 1:57,12/1/2023 2:04,2,0.84,1,N,148,4,1,8.6,1,0.5,2,0,1,15.6,2.5,0
2,12/1/2023 1:30,12/1/2023 1:35,5,0.68,1,N,48,50,1,6.5,1,0.5,2.3,0,1,13.8,2.5,0
2,12/1/2023 1:55,12/1/2023 2:08,5,6.82,1,N,48,244,1,28.2,1,0.5,6.64,0,1,39.84,2.5,0
2,12/1/2023 1:13,12/1/2023 1:19,5,0.95,1,N,211,148,1,7.9,1,0.5,2.58,0,1,15.48,2.5,0
1,12/1/2023 1:37,12/1/2023 1:46,1,1.3,1,N,234,170,3,8.6,3.5,0.5,0,0,1,13.6,2.5,0
2,12/1/2023 1:13,12/1/2023 1:32,1,8.28,1,N,87,145,1,34.5,1,0.5,9.88,0,1,49.38,2.5,0
2,12/1/2023 1:12,12/1/2023 1:40,1,5.35,5,N,249,265,1,45,0,0,11.75,12.75,1,70.5,0,0
2,12/1/2023 1:32,12/1/2023 1:40,1,1.49,1,N,90,114,1,10,1,0.5,3,0,1,18,2.5,0
2,12/1/2023 1:55,12/1/2023 2:05,1,2.12,1,N,79,68,2,12.8,1,0.5,0,0,1,17.8,2.5,0
2,12/1/2023 1:16,12/1/2023 1:23,1,1.91,1,N,49,61,1,10.7,1,0.5,2.64,0,1,15.84,0,0
2,12/1/2023 1:46,12/1/2023 2:06,1,5.39,1,N,144,239,1,26.1,1,0.5,4.66,0,1,35.76,2.5,0
2,12/1/2023 1:17,12/1/2023 1:24,1,2,1,N,107,141,1,10.7,1,0.5,2,0,1,17.7,2.5,0
2,12/1/2023 1:03,12/1/2023 1:14,2,1.61,1,N,230,239,1,12.8,1,0.5,3.56,0,1,21.36,2.5,0
2,12/1/2023 1:19,12/1/2023 1:23,2,0.65,1,N,142,163,1,5.8,1,0.5,2.16,0,1,12.96,2.5,0
2,12/1/2023 1:23,12/1/2023 1:26,5,0.3,1,N,114,114,1,4.4,1,0.5,1.88,0,1,11.28,2.5,0
2,12/1/2023 1:43,12/1/2023 2:01,5,4.11,1,N,144,230,1,20.5,1,0.5,2,0,1,27.5,2.5,0
2,12/1/2023 1:30,12/1/2023 1:38,1,1.62,1,N,140,162,2,10,1,0.5,0,0,1,15,2.5,0
2,12/1/2023 1:21,12/1/2023 1:28,1,0.9,1,N,229,163,2,7.9,1,0.5,0,0,1,12.9,2.5,0
2,12/1/2023 1:34,12/1/2023 1:43,1,1.46,1,N,79,158,1,11.4,1,0.5,1,0,1,17.4,2.5,0
2,12/1/2023 1:55,12/1/2023 2:00,2,1.01,1,N,249,234,1,7.2,1,0.5,2.44,0,1,14.64,2.5,0
2,12/1/2023 1:19,12/1/2023 1:27,1,1.83,1,N,163,140,1,10.7,1,0.5,0,0,1,15.7,2.5,0
2,12/1/2023 1:36,12/1/2023 1:39,1,0.61,1,N,140,263,1,5.1,1,0.5,2.52,0,1,12.62,2.5,0
1,12/1/2023 1:09,12/1/2023 1:16,1,1.2,1,N,107,113,1,8.6,3.5,0.5,0.02,0,1,13.62,2.5,0
1,12/1/2023 1:05,12/1/2023 1:14,0,1.8,1,N,68,79,1,12.1,3.5,0.5,2,0,1,19.1,2.5,0
1,12/1/2023 1:35,12/1/2023 1:43,0,1.2,1,N,114,4,1,10,3.5,0.5,3.75,0,1,18.75,2.5,0
2,12/1/2023 1:05,12/1/2023 1:20,1,6.06,1,N,88,170,1,26.8,1,0.5,6.36,0,1,38.16,2.5,0
2,12/1/2023 1:38,12/1/2023 1:43,1,0.91,1,N,90,68,1,7.2,1,0.5,2.44,0,1,14.64,2.5,0
2,12/1/2023 1:58,12/1/2023 2:21,1,7.19,1,N,68,41,1,33.8,1,0.5,11.64,0,1,50.44,2.5,0
2,12/1/2023 1:08,12/1/2023 1:35,1,6.22,1,N,211,239,1,31,1,0.5,7.2,0,1,43.2,2.5,0
2,12/1/2023 1:36,12/1/2023 1:44,1,2,1,N,113,87,1,10.7,1,0.5,3.14,0,1,18.84,2.5,0
2,12/1/2023 1:48,12/1/2023 1:55,1,1.61,1,N,87,231,1,10.7,1,0.5,2,0,1,17.7,2.5,0
1,12/1/2023 1:32,12/1/2023 2:23,1,28.2,5,N,68,265,1,170,0,0,10,0,1,181,0,0
2,12/1/2023 1:01,12/1/2023 1:11,1,2.45,1,N,113,246,1,13.5,1,0.5,3.7,0,1,22.2,2.5,0
2,12/1/2023 1:37,12/1/2023 1:46,1,1.81,1,N,158,107,1,10.7,1,0.5,1,0,1,16.7,2.5,0
2,12/1/2023 1:09,12/1/2023 1:23,1,3.87,1,N,249,141,1,18.4,1,0.5,2.34,0,1,25.74,2.5,0
2,12/1/2023 1:05,12/1/2023 1:27,2,6.1,1,N,158,166,1,28.9,1,0.5,6.78,0,1,40.68,2.5,0
2,12/1/2023 1:54,12/1/2023 1:58,1,1.77,1,Y,161,236,1,8.6,1,0.5,2.72,0,1,16.32,2.5,0
2,12/1/2023 1:02,12/1/2023 1:15,1,2.14,1,N,158,79,1,14.2,1,0.5,3.84,0,1,23.04,2.5,0
2,12/1/2023 1:36,12/1/2023 1:45,1,2.21,1,N,249,232,2,12.1,1,0.5,0,0,1,17.1,2.5,0
2,12/1/2023 1:46,12/1/2023 1:59,1,3.66,1,N,211,142,1,18.4,1,0.5,4.68,0,1,28.08,2.5,0
2,12/1/2023 1:13,12/1/2023 1:39,1,6.74,1,N,161,255,1,33.1,1,0.5,7.62,0,1,45.72,2.5,0
2,12/1/2023 1:15,12/1/2023 1:26,1,2.62,1,N,79,100,1,14.2,1,0.5,3.84,0,1,23.04,2.5,0
2,12/1/2023 1:35,12/1/2023 1:44,2,1.63,1,N,239,166,1,10.7,1,0.5,3.3,0,1,19,2.5,0
2,12/1/2023 1:56,12/1/2023 2:12,1,7.94,1,N,239,119,2,31.7,1,0.5,0,0,1,36.7,2.5,0
2,12/1/2023 1:15,12/1/2023 1:20,1,1.32,1,N,114,249,2,7.9,1,0.5,0,0,1,12.9,2.5,0
2,12/1/2023 1:32,12/1/2023 1:40,1,1.64,1,N,113,170,1,10.7,1,0.5,3.14,0,1,18.84,2.5,0
2,12/1/2023 1:54,12/1/2023 2:07,1,3.56,1,N,231,181,1,18.4,1,0.5,3,0,1,26.4,2.5,0
2,12/1/2023 1:42,12/1/2023 1:55,1,2.77,1,N,144,246,1,15.6,1,0.5,1,0,1,21.6,2.5,0
2,12/1/2023 1:11,12/1/2023 1:34,1,7.81,1,N,234,129,1,34.5,1,0.5,8,6.94,1,54.44,2.5,0
2,12/1/2023 1:53,12/1/2023 2:03,1,1.49,1,N,231,209,1,10,1,0.5,3.75,0,1,18.75,2.5,0
2,12/1/2023 1:21,12/1/2023 1:26,2,1.29,1,N,68,48,1,7.2,1,0.5,3.05,0,1,15.25,2.5,0
2,12/1/2023 1:09,12/1/2023 1:31,1,5.61,1,N,170,49,1,27.5,1,0.5,3.25,0,1,35.75,2.5,0
2,12/1/2023 1:50,12/1/2023 1:56,1,1.17,1,N,107,246,1,8.6,1,0.5,2.72,0,1,16.32,2.5,0
2,12/1/2023 0:59,12/1/2023 1:08,4,1.57,1,N,164,68,1,10.7,1,0.5,1.88,0,1,17.58,2.5,0
2,12/1/2023 1:20,12/1/2023 2:00,1,26,3,N,114,265,1,116.1,1,0,28.95,26.63,1,173.68,0,0
2,12/1/2023 1:28,12/1/2023 1:33,1,0.98,1,N,230,186,1,7.2,1,0.5,2,0,1,14.2,2.5,0
2,12/1/2023 1:55,12/1/2023 2:16,3,3.53,1,N,164,239,1,21.2,1,0.5,5.24,0,1,31.44,2.5,0
2,12/1/2023 0:59,12/1/2023 1:06,1,1.34,1,N,142,237,1,9.3,1,0.5,2.86,0,1,17.16,2.5,0
2,12/1/2023 1:22,12/1/2023 1:39,1,3.19,1,N,114,229,1,17.7,1,0.5,4.54,0,1,27.24,2.5,0
2,12/1/2023 1:13,12/1/2023 1:21,2,1.39,1,N,163,237,1,10,1,0.5,3,0,1,18,2.5,0
1,12/1/2023 1:35,12/1/2023 1:56,1,6,1,N,100,13,1,26.8,3.5,0.5,6.35,0,1,38.15,2.5,0
1,12/1/2023 1:18,12/1/2023 1:44,1,6.3,1,N,148,239,1,32.4,3.5,0.5,7.45,0,1,44.85,2.5,0
1,12/1/2023 1:58,12/1/2023 2:10,2,3,1,N,230,238,1,16.3,3.5,0.5,4.25,0,1,25.55,2.5,0
1,12/1/2023 1:28,12/1/2023 1:33,0,0.9,1,N,148,114,2,7.2,3.5,0.5,0,0,1,12.2,2.5,0
1,12/1/2023 1:52,12/1/2023 1:57,0,0.8,1,N,90,113,1,7.2,3.5,0.5,3.65,0,1,15.85,2.5,0
1,12/1/2023 1:03,12/1/2023 1:03,1,0,1,N,161,161,2,3,3.5,0.5,0,0,1,8,2.5,0
1,12/1/2023 1:09,12/1/2023 1:12,2,0.7,1,N,237,236,1,5.8,3.5,0.5,2,0,1,12.8,2.5,0
1,12/1/2023 1:15,12/1/2023 1:21,1,1.4,1,N,236,75,2,9.3,3.5,0.5,0,0,1,14.3,2.5,0
1,12/1/2023 1:33,12/1/2023 1:46,2,4.9,1,N,236,69,1,21.9,3.5,0.5,5.35,0,1,32.25,2.5,0
2,12/1/2023 1:09,12/1/2023 1:27,1,4.83,1,N,249,52,1,22.6,1,0.5,6.9,0,1,34.5,2.5,0
2,12/1/2023 1:09,12/1/2023 1:21,1,1.47,1,N,249,79,1,12.1,1,0.5,3.42,0,1,20.52,2.5,0
2,12/1/2023 1:08,12/1/2023 1:21,4,3.12,1,N,237,79,1,16.3,1,0.5,4.26,0,1,25.56,2.5,0
2,12/1/2023 1:29,12/1/2023 1:34,1,1.01,1,N,144,79,2,7.2,1,0.5,0,0,1,12.2,2.5,0
2,12/1/2023 1:57,12/1/2023 2:10,1,1.08,1,N,144,79,2,7.9,1,0.5,0,0,1,12.9,2.5,0
2,12/1/2023 1:33,12/1/2023 1:46,1,3.33,1,N,249,233,1,16.3,1,0.5,4.26,0,1,25.56,2.5,0
2,12/1/2023 1:11,12/1/2023 1:16,1,0.63,1,N,148,144,1,6.5,1,0.5,2.3,0,1,13.8,2.5,0
2,12/1/2023 1:44,12/1/2023 1:47,2,0.76,1,N,90,68,1,5.8,1,0.5,1.2,0,1,12,2.5,0
2,12/1/2023 1:53,12/1/2023 2:11,1,4.71,1,N,90,262,1,23.3,1,0.5,5.66,0,1,33.96,2.5,0
2,12/1/2023 1:48,12/1/2023 1:57,1,2.11,1,N,79,231,1,11.4,1,0.5,3.28,0,1,19.68,2.5,0
2,12/1/2023 1:04,12/1/2023 1:12,1,2.4,1,N,249,261,1,12.1,1,0.5,3.42,0,1,20.52,2.5,0
2,12/1/2023 1:33,12/1/2023 1:46,1,2.06,1,N,68,148,1,13.5,1,0.5,0,0,1,18.5,2.5,0
2,12/1/2023 1:48,12/1/2023 2:11,1,4.95,1,N,148,48,1,26.8,1,0.5,3,0,1,34.8,2.5,0
2,12/1/2023 1:14,12/1/2023 1:33,2,6.4,1,N,162,80,1,28.2,1,0.5,6.64,0,1,39.84,2.5,0
2,12/1/2023 1:19,12/1/2023 1:29,4,1.94,1,N,158,144,1,11.4,1,0.5,3.28,0,1,19.68,2.5,0
2,12/1/2023 1:47,12/1/2023 1:54,2,1.46,1,N,231,113,1,9.3,1,0.5,2.86,0,1,17.16,2.5,0
2,12/1/2023 1:55,12/1/2023 1:57,1,0.27,1,N,113,114,1,4.4,1,0.5,1,0,1,10.4,2.5,0
2,12/1/2023 1:14,12/1/2023 1:21,1,1.14,1,N,144,231,1,8.6,1,0.5,4.08,0,1,17.68,2.5,0
1,12/1/2023 1:19,12/1/2023 1:45,1,6.3,1,N,100,49,1,27.5,3.5,0.5,6.5,0,1,39,2.5,0
2,12/1/2023 1:03,12/1/2023 1:07,1,0.81,1,N,249,211,1,6.5,1,0.5,2.3,0,1,13.8,2.5,0
2,12/1/2023 1:26,12/1/2023 1:35,1,1.64,1,N,4,234,1,11.4,1,0.5,0,0,1,16.4,2.5,0
2,12/1/2023 1:27,12/1/2023 1:46,1,5.36,1,N,148,145,1,26.1,1,0.5,6.22,0,1,37.32,2.5,0
2,12/1/2023 1:26,12/1/2023 1:41,1,10.07,1,N,107,192,2,38.7,1,0.5,0,6.94,1,50.64,2.5,0
1,12/1/2023 1:10,12/1/2023 1:27,1,5.9,1,N,249,256,1,27.5,3.5,0.5,6.5,0,1,39,2.5,0
1,12/1/2023 1:51,12/1/2023 2:00,0,3,1,N,229,226,2,14.9,3.5,0.5,0,0,1,19.9,2.5,0
2,12/1/2023 1:02,12/1/2023 1:07,1,2.85,1,N,132,10,4,-12.8,-1,-0.5,0,0,-1,-17.05,0,-1.75
2,12/1/2023 1:02,12/1/2023 1:07,1,2.85,1,N,132,10,4,12.8,1,0.5,0,0,1,17.05,0,1.75
2,12/1/2023 1:13,12/1/2023 1:21,1,1.42,1,N,114,107,1,9.3,1,0.5,2,0,1,16.3,2.5,0
2,12/1/2023 1:30,12/1/2023 1:44,2,3.24,1,N,48,24,1,17.7,1,0.5,4.54,0,1,27.24,2.5,0
2,12/1/2023 1:59,12/1/2023 2:15,4,7.14,1,N,48,116,1,30.3,1,0.5,3.53,0,1,38.83,2.5,0
2,12/1/2023 1:36,12/1/2023 1:50,2,3.69,1,N,48,41,1,17.7,1,0.5,4.54,0,1,27.24,2.5,0
2,12/1/2023 1:03,12/1/2023 1:14,1,1.96,1,N,234,237,1,12.8,1,0.5,10,0,1,27.8,2.5,0
2,12/1/2023 1:32,12/1/2023 2:00,2,6.39,1,N,161,255,1,31.7,1,0.5,8.73,6.94,1,52.37,2.5,0
2,12/1/2023 1:13,12/1/2023 1:29,1,3.27,1,N,148,33,1,19.1,1,0.5,4.82,0,1,28.92,2.5,0
2,12/1/2023 1:03,12/1/2023 1:16,4,2.41,1,N,158,170,1,14.9,1,0.5,3.98,0,1,23.88,2.5,0
2,12/1/2023 1:14,12/1/2023 1:39,1,9.31,1,N,114,244,1,40.1,1,0.5,9.02,0,1,54.12,2.5,0
2,12/1/2023 1:53,12/1/2023 1:59,1,1.03,1,N,48,164,1,7.9,1,0.5,0.2,0,1,13.1,2.5,0
2,12/1/2023 1:01,12/1/2023 1:14,2,2.52,1,N,249,233,1,14.9,1,0.5,3.98,0,1,23.88,2.5,0
2,12/1/2023 1:11,12/1/2023 1:18,2,0.82,1,N,249,113,1,7.9,1,0.5,1.94,0,1,14.84,2.5,0
2,12/1/2023 1:29,12/1/2023 1:36,2,1.45,1,N,249,90,1,8.6,1,0.5,2.72,0,1,16.32,2.5,0
2,12/1/2023 1:42,12/1/2023 1:54,1,2.71,1,N,230,141,1,14.9,1,0.5,2,0,1,21.9,2.5,0
2,12/1/2023 1:22,12/1/2023 1:36,1,3.71,1,N,249,141,1,18.4,1,0.5,4.68,0,1,28.08,2.5,0
2,12/1/2023 1:58,12/1/2023 2:04,1,0.96,1,N,249,90,1,7.9,1,0.5,3.87,0,1,16.77,2.5,0
2,12/1/2023 1:04,12/1/2023 1:13,1,1.92,1,N,249,107,1,11.4,1,0.5,3.28,0,1,19.68,2.5,0
2,12/1/2023 1:15,12/1/2023 1:33,1,3.1,1,N,260,179,2,18.4,1,0.5,0,0,1,20.9,0,0
2,12/1/2023 1:15,12/1/2023 1:18,2,0.67,1,N,107,137,1,5.8,1,0.5,2.16,0,1,12.96,2.5,0
2,12/1/2023 1:33,12/1/2023 1:55,1,5.49,1,N,234,238,1,28.2,1,0.5,0,0,1,33.2,2.5,0
2,12/1/2023 1:18,12/1/2023 1:24,1,1.31,1,N,211,231,1,7.9,1,0.5,2.58,0,1,15.48,2.5,0
2,12/1/2023 1:33,12/1/2023 1:43,1,1.58,1,N,125,113,1,10.7,1,0.5,3.14,0,1,18.84,2.5,0
2,12/1/2023 1:19,12/1/2023 1:37,4,3.22,1,N,230,4,1,19.1,1,0.5,2,0,1,26.1,2.5,0
2,12/1/2023 1:48,12/1/2023 1:50,1,0.8,1,N,79,107,1,5.8,1,0.5,2.16,0,1,12.96,2.5,0
2,12/1/2023 1:57,12/1/2023 2:09,1,2,1,N,79,87,1,13.5,1,0.5,1,0,1,19.5,2.5,0
2,12/1/2023 1:14,12/1/2023 1:21,1,1.86,1,N,48,249,1,10.7,1,0.5,3.92,0,1,19.62,2.5,0
2,12/1/2023 1:25,12/1/2023 1:34,3,2.24,1,N,158,13,1,12.8,1,0.5,3.56,0,1,21.36,2.5,0
2,12/1/2023 1:59,12/1/2023 2:04,1,1.37,1,N,231,113,1,8.6,1,0.5,2.72,0,1,16.32,2.5,0
2,12/1/2023 1:36,12/1/2023 1:41,1,0.92,1,N,234,186,1,7.9,1,0.5,3.23,0,1,16.13,2.5,0
2,12/1/2023 1:51,12/1/2023 2:00,2,1.62,1,N,249,107,1,10.7,1,0.5,3.14,0,1,18.84,2.5,0
1,12/1/2023 1:55,12/1/2023 2:00,1,0.9,1,N,158,114,1,7.2,3.5,0.5,2.4,0,1,14.6,2.5,0
2,12/1/2023 1:31,12/1/2023 1:37,1,0.98,1,N,148,114,1,7.9,1,0.5,0,0,1,12.9,2.5,0
2,12/1/2023 1:43,12/1/2023 1:53,1,1.8,1,N,114,90,1,12.1,1,0.5,3.42,0,1,20.52,2.5,0
2,12/1/2023 1:10,12/1/2023 1:16,1,1.15,1,N,230,229,1,8.6,1,0.5,2.72,0,1,16.32,2.5,0
2,12/1/2023 1:47,12/1/2023 1:54,1,1.94,1,N,79,170,1,10.7,1,0.5,1,0,1,16.7,2.5,0
1,12/1/2023 1:22,12/1/2023 1:30,0,1,1,N,170,48,1,7.9,3.5,0.5,1,0,1,13.9,2.5,0
2,12/1/2023 1:07,12/1/2023 1:11,1,0.75,1,N,211,158,1,7.2,1,0.5,2.44,0,1,14.64,2.5,0
2,12/1/2023 1:34,12/1/2023 1:36,1,0.24,1,N,158,158,1,3.7,1,0.5,8,0,1,16.7,2.5,0
2,12/1/2023 1:17,12/1/2023 1:32,1,4.21,1,N,161,41,2,19.8,1,0.5,0,0,1,24.8,2.5,0
2,12/1/2023 1:58,12/1/2023 2:03,1,1.18,1,N,142,50,1,7.2,1,0.5,2.44,0,1,14.64,2.5,0
2,12/1/2023 1:18,12/1/2023 1:21,2,0.75,1,N,68,234,1,5.8,1,0.5,2.16,0,1,12.96,2.5,0
2,12/1/2023 1:45,12/1/2023 1:47,1,0.49,1,N,239,239,1,4.4,1,0.5,1.41,0,1,10.81,2.5,0
2,12/1/2023 1:49,12/1/2023 1:56,1,1.04,1,N,113,148,1,8.6,1,0.5,2.72,0,1,16.32,2.5,0
2,12/1/2023 1:30,12/1/2023 1:53,2,4.29,1,N,4,163,1,25.4,1,0.5,0,0,1,30.4,2.5,0
2,12/1/2023 1:02,12/1/2023 1:14,1,3.7,1,N,148,112,1,18.4,1,0.5,4.68,0,1,28.08,2.5,0
1,12/1/2023 1:25,12/1/2023 1:36,2,0.5,1,N,186,170,1,10.7,3.5,0.5,1,0,1,16.7,2.5,0
1,12/1/2023 1:10,12/1/2023 1:16,1,0.9,1,N,261,209,2,7.9,3.5,0.5,0,0,1,12.9,2.5,0
2,12/1/2023 1:16,12/1/2023 1:29,1,2.42,1,N,249,170,1,14.9,1,0.5,1.99,0,1,21.89,2.5,0
2,12/1/2023 1:38,12/1/2023 1:45,1,1.25,1,N,4,79,1,8.6,1,0.5,2.72,0,1,16.32,2.5,0
2,12/1/2023 1:47,12/1/2023 2:00,1,2.38,1,N,79,229,1,14.9,1,0.5,3.98,0,1,23.88,2.5,0
2,12/1/2023 1:37,12/1/2023 1:53,1,2.54,1,N,148,186,1,17,1,0.5,3.96,0,1,25.96,2.5,0
2,12/1/2023 0:57,12/1/2023 1:07,1,3.08,1,N,4,87,1,16.3,1,0.5,2,0,1,23.3,2.5,0
2,12/1/2023 1:21,12/1/2023 1:30,1,1.33,1,N,148,79,1,10.7,1,0.5,3.14,0,1,18.84,2.5,0
1,12/1/2023 1:19,12/1/2023 1:37,1,5,1,N,234,112,1,25.4,3.5,0.5,6.08,0,1,36.48,2.5,0
2,12/1/2023 1:18,12/1/2023 1:20,1,0.59,1,N,164,170,1,5.1,1,0.5,1,0,1,11.1,2.5,0
2,12/1/2023 0:44,12/1/2023 0:58,2,2,1,N,186,79,1,14.2,1,0.5,3.84,0,1,23.04,2.5,0
2,12/1/2023 1:07,12/1/2023 1:14,1,4.26,1,N,170,87,1,17.7,1,0.5,4.54,0,1,27.24,2.5,0
2,12/1/2023 1:39,12/1/2023 1:49,1,4.12,1,N,88,107,1,19.1,1,0.5,4.82,0,1,28.92,2.5,0
2,12/1/2023 1:56,12/1/2023 2:19,1,6.2,1,N,79,179,2,29.6,1,0.5,0,0,1,34.6,2.5,0
2,12/1/2023 1:54,12/1/2023 2:07,2,5.76,1,N,87,161,1,25.4,1,0.5,7.6,0,1,38,2.5,0
2,12/1/2023 1:17,12/1/2023 1:24,1,1.39,1,N,237,164,1,9.3,1,0.5,4.29,0,1,18.59,2.5,0
